0 verbose cli /usr/local/Cellar/node/23.9.0/bin/node /usr/local/bin/npm
1 info using npm@10.9.2
2 info using node@v23.9.0
3 silly config load:file:/usr/local/lib/node_modules/npm/npmrc
4 silly config load:file:/Users/xspark3/ASM & HRMS/XSpark_HRMS/.npmrc
5 silly config load:file:/Users/xspark3/.npmrc
6 silly config load:file:/usr/local/etc/npmrc
7 verbose title npm install
8 verbose argv "install"
9 verbose logfile logs-max:10 dir:/Users/xspark3/ASM & HRMS/XSpark_HRMS/.npm-cache/_logs/2025-11-17T07_45_00_978Z-
10 verbose logfile /Users/xspark3/ASM & HRMS/XSpark_HRMS/.npm-cache/_logs/2025-11-17T07_45_00_978Z-debug-0.log
11 silly logfile start cleaning logs, removing 1 files
12 silly packumentCache heap:2197815296 maxSize:549453824 maxEntrySize:274726912
13 silly logfile done cleaning log files
14 silly idealTree buildDeps
15 silly reify mark retired [
15 silly reify   '/Users/xspark3/ASM & HRMS/XSpark_HRMS/node_modules/class-variance-authority'
15 silly reify ]
16 silly reify mark retired [ '/Users/xspark3/ASM & HRMS/XSpark_HRMS/node_modules/clsx' ]
17 silly reify mark retired [
17 silly reify   '/Users/xspark3/ASM & HRMS/XSpark_HRMS/node_modules/embla-carousel-react'
17 silly reify ]
18 silly reify mark retired [ '/Users/xspark3/ASM & HRMS/XSpark_HRMS/node_modules/input-otp' ]
19 silly reify mark retired [
19 silly reify   '/Users/xspark3/ASM & HRMS/XSpark_HRMS/node_modules/next',
19 silly reify   '/Users/xspark3/ASM & HRMS/XSpark_HRMS/node_modules/.bin/next'
19 silly reify ]
20 silly reify mark retired [
20 silly reify   '/Users/xspark3/ASM & HRMS/XSpark_HRMS/node_modules/autoprefixer',
20 silly reify   '/Users/xspark3/ASM & HRMS/XSpark_HRMS/node_modules/.bin/autoprefixer'
20 silly reify ]
21 silly reify mark retired [ '/Users/xspark3/ASM & HRMS/XSpark_HRMS/node_modules/framer-motion' ]
22 silly reify mark retired [ '/Users/xspark3/ASM & HRMS/XSpark_HRMS/node_modules/lucide-react' ]
23 silly reify mark retired [
23 silly reify   '/Users/xspark3/ASM & HRMS/XSpark_HRMS/node_modules/jest',
23 silly reify   '/Users/xspark3/ASM & HRMS/XSpark_HRMS/node_modules/.bin/jest'
23 silly reify ]
24 silly reify mark retired [ '/Users/xspark3/ASM & HRMS/XSpark_HRMS/node_modules/postcss' ]
25 silly reify mark retired [ '/Users/xspark3/ASM & HRMS/XSpark_HRMS/node_modules/next-themes' ]
26 silly reify mark retired [ '/Users/xspark3/ASM & HRMS/XSpark_HRMS/node_modules/react' ]
27 silly reify mark retired [
27 silly reify   '/Users/xspark3/ASM & HRMS/XSpark_HRMS/node_modules/jest-environment-jsdom'
27 silly reify ]
28 silly reify mark retired [ '/Users/xspark3/ASM & HRMS/XSpark_HRMS/node_modules/react-dom' ]
29 silly reify mark retired [
29 silly reify   '/Users/xspark3/ASM & HRMS/XSpark_HRMS/node_modules/react-resizable-panels'
29 silly reify ]
30 silly reify mark retired [ '/Users/xspark3/ASM & HRMS/XSpark_HRMS/node_modules/date-fns' ]
31 silly reify mark retired [ '/Users/xspark3/ASM & HRMS/XSpark_HRMS/node_modules/tailwind-merge' ]
32 silly reify mark retired [ '/Users/xspark3/ASM & HRMS/XSpark_HRMS/node_modules/tailwindcss' ]
33 silly reify mark retired [ '/Users/xspark3/ASM & HRMS/XSpark_HRMS/node_modules/recharts' ]
34 silly reify mark retired [
34 silly reify   '/Users/xspark3/ASM & HRMS/XSpark_HRMS/node_modules/react-day-picker'
34 silly reify ]
35 silly reify mark retired [ '/Users/xspark3/ASM & HRMS/XSpark_HRMS/node_modules/sonner' ]
36 silly reify mark retired [
36 silly reify   '/Users/xspark3/ASM & HRMS/XSpark_HRMS/node_modules/react-hook-form'
36 silly reify ]
37 silly reify mark retired [
37 silly reify   '/Users/xspark3/ASM & HRMS/XSpark_HRMS/node_modules/typescript',
37 silly reify   '/Users/xspark3/ASM & HRMS/XSpark_HRMS/node_modules/.bin/tsc',
37 silly reify   '/Users/xspark3/ASM & HRMS/XSpark_HRMS/node_modules/.bin/tsserver'
37 silly reify ]
38 silly reify mark retired [ '/Users/xspark3/ASM & HRMS/XSpark_HRMS/node_modules/cmdk' ]
39 silly reify mark retired [ '/Users/xspark3/ASM & HRMS/XSpark_HRMS/node_modules/tw-animate-css' ]
40 silly reify mark retired [ '/Users/xspark3/ASM & HRMS/XSpark_HRMS/node_modules/zod' ]
41 silly reify mark retired [
41 silly reify   '/Users/xspark3/ASM & HRMS/XSpark_HRMS/node_modules/tailwindcss-animate'
41 silly reify ]
42 silly reify mark retired [ '/Users/xspark3/ASM & HRMS/XSpark_HRMS/node_modules/vaul' ]
43 silly reify mark retired [
43 silly reify   '/Users/xspark3/ASM & HRMS/XSpark_HRMS/node_modules/@radix-ui/react-alert-dialog'
43 silly reify ]
44 silly reify mark retired [
44 silly reify   '/Users/xspark3/ASM & HRMS/XSpark_HRMS/node_modules/ts-node',
44 silly reify   '/Users/xspark3/ASM & HRMS/XSpark_HRMS/node_modules/.bin/ts-node',
44 silly reify   '/Users/xspark3/ASM & HRMS/XSpark_HRMS/node_modules/.bin/ts-node-cwd',
44 silly reify   '/Users/xspark3/ASM & HRMS/XSpark_HRMS/node_modules/.bin/ts-node-esm',
44 silly reify   '/Users/xspark3/ASM & HRMS/XSpark_HRMS/node_modules/.bin/ts-node-script',
44 silly reify   '/Users/xspark3/ASM & HRMS/XSpark_HRMS/node_modules/.bin/ts-node-transpile-only',
44 silly reify   '/Users/xspark3/ASM & HRMS/XSpark_HRMS/node_modules/.bin/ts-script'
44 silly reify ]
45 silly reify mark retired [
45 silly reify   '/Users/xspark3/ASM & HRMS/XSpark_HRMS/node_modules/@radix-ui/react-avatar'
45 silly reify ]
46 silly reify mark retired [
46 silly reify   '/Users/xspark3/ASM & HRMS/XSpark_HRMS/node_modules/ts-jest',
46 silly reify   '/Users/xspark3/ASM & HRMS/XSpark_HRMS/node_modules/.bin/ts-jest'
46 silly reify ]
47 silly reify mark retired [
47 silly reify   '/Users/xspark3/ASM & HRMS/XSpark_HRMS/node_modules/@radix-ui/react-checkbox'
47 silly reify ]
48 silly reify mark retired [
48 silly reify   '/Users/xspark3/ASM & HRMS/XSpark_HRMS/node_modules/@hookform/resolvers'
48 silly reify ]
49 silly reify mark retired [
49 silly reify   '/Users/xspark3/ASM & HRMS/XSpark_HRMS/node_modules/@radix-ui/react-aspect-ratio'
49 silly reify ]
50 silly reify mark retired [
50 silly reify   '/Users/xspark3/ASM & HRMS/XSpark_HRMS/node_modules/@radix-ui/react-dialog'
50 silly reify ]
51 silly reify mark retired [
51 silly reify   '/Users/xspark3/ASM & HRMS/XSpark_HRMS/node_modules/@radix-ui/react-label'
51 silly reify ]
52 silly reify mark retired [
52 silly reify   '/Users/xspark3/ASM & HRMS/XSpark_HRMS/node_modules/@radix-ui/react-collapsible'
52 silly reify ]
53 silly reify mark retired [
53 silly reify   '/Users/xspark3/ASM & HRMS/XSpark_HRMS/node_modules/@radix-ui/react-accordion'
53 silly reify ]
54 silly reify mark retired [
54 silly reify   '/Users/xspark3/ASM & HRMS/XSpark_HRMS/node_modules/@radix-ui/react-context-menu'
54 silly reify ]
55 silly reify mark retired [
55 silly reify   '/Users/xspark3/ASM & HRMS/XSpark_HRMS/node_modules/@radix-ui/react-dropdown-menu'
55 silly reify ]
56 silly reify mark retired [
56 silly reify   '/Users/xspark3/ASM & HRMS/XSpark_HRMS/node_modules/@radix-ui/react-menubar'
56 silly reify ]
57 silly reify mark retired [
57 silly reify   '/Users/xspark3/ASM & HRMS/XSpark_HRMS/node_modules/@radix-ui/react-popover'
57 silly reify ]
58 silly reify mark retired [
58 silly reify   '/Users/xspark3/ASM & HRMS/XSpark_HRMS/node_modules/@radix-ui/react-radio-group'
58 silly reify ]
59 silly reify mark retired [
59 silly reify   '/Users/xspark3/ASM & HRMS/XSpark_HRMS/node_modules/@radix-ui/react-select'
59 silly reify ]
60 silly reify mark retired [
60 silly reify   '/Users/xspark3/ASM & HRMS/XSpark_HRMS/node_modules/@radix-ui/react-scroll-area'
60 silly reify ]
61 silly reify mark retired [
61 silly reify   '/Users/xspark3/ASM & HRMS/XSpark_HRMS/node_modules/@radix-ui/react-navigation-menu'
61 silly reify ]
62 silly reify mark retired [
62 silly reify   '/Users/xspark3/ASM & HRMS/XSpark_HRMS/node_modules/@radix-ui/react-slot'
62 silly reify ]
63 silly reify mark retired [
63 silly reify   '/Users/xspark3/ASM & HRMS/XSpark_HRMS/node_modules/@radix-ui/react-separator'
63 silly reify ]
64 silly reify mark retired [
64 silly reify   '/Users/xspark3/ASM & HRMS/XSpark_HRMS/node_modules/@radix-ui/react-slider'
64 silly reify ]
65 silly reify mark retired [
65 silly reify   '/Users/xspark3/ASM & HRMS/XSpark_HRMS/node_modules/@radix-ui/react-progress'
65 silly reify ]
66 silly reify mark retired [
66 silly reify   '/Users/xspark3/ASM & HRMS/XSpark_HRMS/node_modules/@radix-ui/react-switch'
66 silly reify ]
67 silly reify mark retired [
67 silly reify   '/Users/xspark3/ASM & HRMS/XSpark_HRMS/node_modules/@radix-ui/react-toast'
67 silly reify ]
68 silly reify mark retired [
68 silly reify   '/Users/xspark3/ASM & HRMS/XSpark_HRMS/node_modules/@radix-ui/react-tooltip'
68 silly reify ]
69 silly reify mark retired [
69 silly reify   '/Users/xspark3/ASM & HRMS/XSpark_HRMS/node_modules/@tailwindcss/postcss'
69 silly reify ]
70 silly reify mark retired [
70 silly reify   '/Users/xspark3/ASM & HRMS/XSpark_HRMS/node_modules/@radix-ui/react-toggle'
70 silly reify ]
71 silly reify mark retired [
71 silly reify   '/Users/xspark3/ASM & HRMS/XSpark_HRMS/node_modules/@radix-ui/react-tabs'
71 silly reify ]
72 silly reify mark retired [
72 silly reify   '/Users/xspark3/ASM & HRMS/XSpark_HRMS/node_modules/@supabase/supabase-js'
72 silly reify ]
73 silly reify mark retired [
73 silly reify   '/Users/xspark3/ASM & HRMS/XSpark_HRMS/node_modules/@radix-ui/react-toggle-group'
73 silly reify ]
74 silly reify mark retired [ '/Users/xspark3/ASM & HRMS/XSpark_HRMS/node_modules/@types/node' ]
75 silly reify mark retired [
75 silly reify   '/Users/xspark3/ASM & HRMS/XSpark_HRMS/node_modules/@testing-library/jest-dom'
75 silly reify ]
76 silly reify mark retired [
76 silly reify   '/Users/xspark3/ASM & HRMS/XSpark_HRMS/node_modules/@radix-ui/react-hover-card'
76 silly reify ]
77 silly reify mark retired [
77 silly reify   '/Users/xspark3/ASM & HRMS/XSpark_HRMS/node_modules/@testing-library/user-event'
77 silly reify ]
78 silly reify mark retired [
78 silly reify   '/Users/xspark3/ASM & HRMS/XSpark_HRMS/node_modules/@testing-library/react'
78 silly reify ]
79 silly reify mark retired [
79 silly reify   '/Users/xspark3/ASM & HRMS/XSpark_HRMS/node_modules/@vercel/analytics'
79 silly reify ]
80 silly reify mark retired [ '/Users/xspark3/ASM & HRMS/XSpark_HRMS/node_modules/@types/jest' ]
81 silly reify mark retired [ '/Users/xspark3/ASM & HRMS/XSpark_HRMS/node_modules/@types/react' ]
82 silly reify mark retired [
82 silly reify   '/Users/xspark3/ASM & HRMS/XSpark_HRMS/node_modules/@types/react-dom'
82 silly reify ]
83 silly reify moves {
83 silly reify   '/Users/xspark3/ASM & HRMS/XSpark_HRMS/node_modules/class-variance-authority': '/Users/xspark3/ASM & HRMS/XSpark_HRMS/node_modules/.class-variance-authority-jniwowQJ',
83 silly reify   '/Users/xspark3/ASM & HRMS/XSpark_HRMS/node_modules/clsx': '/Users/xspark3/ASM & HRMS/XSpark_HRMS/node_modules/.clsx-MoLMppHx',
83 silly reify   '/Users/xspark3/ASM & HRMS/XSpark_HRMS/node_modules/embla-carousel-react': '/Users/xspark3/ASM & HRMS/XSpark_HRMS/node_modules/.embla-carousel-react-Dmc3c65G',
83 silly reify   '/Users/xspark3/ASM & HRMS/XSpark_HRMS/node_modules/input-otp': '/Users/xspark3/ASM & HRMS/XSpark_HRMS/node_modules/.input-otp-QKtEXtBc',
83 silly reify   '/Users/xspark3/ASM & HRMS/XSpark_HRMS/node_modules/next': '/Users/xspark3/ASM & HRMS/XSpark_HRMS/node_modules/.next-M8WQuyWf',
83 silly reify   '/Users/xspark3/ASM & HRMS/XSpark_HRMS/node_modules/.bin/next': '/Users/xspark3/ASM & HRMS/XSpark_HRMS/node_modules/.bin/.next-fyWFVjxJ',
83 silly reify   '/Users/xspark3/ASM & HRMS/XSpark_HRMS/node_modules/autoprefixer': '/Users/xspark3/ASM & HRMS/XSpark_HRMS/node_modules/.autoprefixer-vJnCJ3mw',
83 silly reify   '/Users/xspark3/ASM & HRMS/XSpark_HRMS/node_modules/.bin/autoprefixer': '/Users/xspark3/ASM & HRMS/XSpark_HRMS/node_modules/.bin/.autoprefixer-mpAw2PIo',
83 silly reify   '/Users/xspark3/ASM & HRMS/XSpark_HRMS/node_modules/framer-motion': '/Users/xspark3/ASM & HRMS/XSpark_HRMS/node_modules/.framer-motion-yUez2UWM',
83 silly reify   '/Users/xspark3/ASM & HRMS/XSpark_HRMS/node_modules/lucide-react': '/Users/xspark3/ASM & HRMS/XSpark_HRMS/node_modules/.lucide-react-2hLdYrGo',
83 silly reify   '/Users/xspark3/ASM & HRMS/XSpark_HRMS/node_modules/jest': '/Users/xspark3/ASM & HRMS/XSpark_HRMS/node_modules/.jest-y7tmKPvN',
83 silly reify   '/Users/xspark3/ASM & HRMS/XSpark_HRMS/node_modules/.bin/jest': '/Users/xspark3/ASM & HRMS/XSpark_HRMS/node_modules/.bin/.jest-ULhX6FFl',
83 silly reify   '/Users/xspark3/ASM & HRMS/XSpark_HRMS/node_modules/postcss': '/Users/xspark3/ASM & HRMS/XSpark_HRMS/node_modules/.postcss-Yn6f7m2m',
83 silly reify   '/Users/xspark3/ASM & HRMS/XSpark_HRMS/node_modules/next-themes': '/Users/xspark3/ASM & HRMS/XSpark_HRMS/node_modules/.next-themes-OaxVkALb',
83 silly reify   '/Users/xspark3/ASM & HRMS/XSpark_HRMS/node_modules/react': '/Users/xspark3/ASM & HRMS/XSpark_HRMS/node_modules/.react-tkan2BXB',
83 silly reify   '/Users/xspark3/ASM & HRMS/XSpark_HRMS/node_modules/jest-environment-jsdom': '/Users/xspark3/ASM & HRMS/XSpark_HRMS/node_modules/.jest-environment-jsdom-wSOXwuHN',
83 silly reify   '/Users/xspark3/ASM & HRMS/XSpark_HRMS/node_modules/react-dom': '/Users/xspark3/ASM & HRMS/XSpark_HRMS/node_modules/.react-dom-kk5HZkfO',
83 silly reify   '/Users/xspark3/ASM & HRMS/XSpark_HRMS/node_modules/react-resizable-panels': '/Users/xspark3/ASM & HRMS/XSpark_HRMS/node_modules/.react-resizable-panels-3rLHp2Zf',
83 silly reify   '/Users/xspark3/ASM & HRMS/XSpark_HRMS/node_modules/date-fns': '/Users/xspark3/ASM & HRMS/XSpark_HRMS/node_modules/.date-fns-pLNc0tZg',
83 silly reify   '/Users/xspark3/ASM & HRMS/XSpark_HRMS/node_modules/tailwind-merge': '/Users/xspark3/ASM & HRMS/XSpark_HRMS/node_modules/.tailwind-merge-3u6eLrHp',
83 silly reify   '/Users/xspark3/ASM & HRMS/XSpark_HRMS/node_modules/tailwindcss': '/Users/xspark3/ASM & HRMS/XSpark_HRMS/node_modules/.tailwindcss-zS4eEegX',
83 silly reify   '/Users/xspark3/ASM & HRMS/XSpark_HRMS/node_modules/recharts': '/Users/xspark3/ASM & HRMS/XSpark_HRMS/node_modules/.recharts-wrksknJU',
83 silly reify   '/Users/xspark3/ASM & HRMS/XSpark_HRMS/node_modules/react-day-picker': '/Users/xspark3/ASM & HRMS/XSpark_HRMS/node_modules/.react-day-picker-GTI7pBvN',
83 silly reify   '/Users/xspark3/ASM & HRMS/XSpark_HRMS/node_modules/sonner': '/Users/xspark3/ASM & HRMS/XSpark_HRMS/node_modules/.sonner-x4lyJnJJ',
83 silly reify   '/Users/xspark3/ASM & HRMS/XSpark_HRMS/node_modules/react-hook-form': '/Users/xspark3/ASM & HRMS/XSpark_HRMS/node_modules/.react-hook-form-5uEmRgSW',
83 silly reify   '/Users/xspark3/ASM & HRMS/XSpark_HRMS/node_modules/typescript': '/Users/xspark3/ASM & HRMS/XSpark_HRMS/node_modules/.typescript-PPvLYRPa',
83 silly reify   '/Users/xspark3/ASM & HRMS/XSpark_HRMS/node_modules/.bin/tsc': '/Users/xspark3/ASM & HRMS/XSpark_HRMS/node_modules/.bin/.tsc-RYcfK2y8',
83 silly reify   '/Users/xspark3/ASM & HRMS/XSpark_HRMS/node_modules/.bin/tsserver': '/Users/xspark3/ASM & HRMS/XSpark_HRMS/node_modules/.bin/.tsserver-A07nE0ue',
83 silly reify   '/Users/xspark3/ASM & HRMS/XSpark_HRMS/node_modules/cmdk': '/Users/xspark3/ASM & HRMS/XSpark_HRMS/node_modules/.cmdk-r2BKSFwv',
83 silly reify   '/Users/xspark3/ASM & HRMS/XSpark_HRMS/node_modules/tw-animate-css': '/Users/xspark3/ASM & HRMS/XSpark_HRMS/node_modules/.tw-animate-css-YVAWVAXd',
83 silly reify   '/Users/xspark3/ASM & HRMS/XSpark_HRMS/node_modules/zod': '/Users/xspark3/ASM & HRMS/XSpark_HRMS/node_modules/.zod-HjXf1kLL',
83 silly reify   '/Users/xspark3/ASM & HRMS/XSpark_HRMS/node_modules/tailwindcss-animate': '/Users/xspark3/ASM & HRMS/XSpark_HRMS/node_modules/.tailwindcss-animate-26nHH0S4',
83 silly reify   '/Users/xspark3/ASM & HRMS/XSpark_HRMS/node_modules/vaul': '/Users/xspark3/ASM & HRMS/XSpark_HRMS/node_modules/.vaul-ENgCVnAz',
83 silly reify   '/Users/xspark3/ASM & HRMS/XSpark_HRMS/node_modules/@radix-ui/react-alert-dialog': '/Users/xspark3/ASM & HRMS/XSpark_HRMS/node_modules/@radix-ui/.react-alert-dialog-EoVukPK6',
83 silly reify   '/Users/xspark3/ASM & HRMS/XSpark_HRMS/node_modules/ts-node': '/Users/xspark3/ASM & HRMS/XSpark_HRMS/node_modules/.ts-node-ujkX9tw8',
83 silly reify   '/Users/xspark3/ASM & HRMS/XSpark_HRMS/node_modules/.bin/ts-node': '/Users/xspark3/ASM & HRMS/XSpark_HRMS/node_modules/.bin/.ts-node-YC9oPTsG',
83 silly reify   '/Users/xspark3/ASM & HRMS/XSpark_HRMS/node_modules/.bin/ts-node-cwd': '/Users/xspark3/ASM & HRMS/XSpark_HRMS/node_modules/.bin/.ts-node-cwd-zXMNtYoV',
83 silly reify   '/Users/xspark3/ASM & HRMS/XSpark_HRMS/node_modules/.bin/ts-node-esm': '/Users/xspark3/ASM & HRMS/XSpark_HRMS/node_modules/.bin/.ts-node-esm-I0Kg4r0p',
83 silly reify   '/Users/xspark3/ASM & HRMS/XSpark_HRMS/node_modules/.bin/ts-node-script': '/Users/xspark3/ASM & HRMS/XSpark_HRMS/node_modules/.bin/.ts-node-script-2vsBDQUM',
83 silly reify   '/Users/xspark3/ASM & HRMS/XSpark_HRMS/node_modules/.bin/ts-node-transpile-only': '/Users/xspark3/ASM & HRMS/XSpark_HRMS/node_modules/.bin/.ts-node-transpile-only-sYQ4GCd0',
83 silly reify   '/Users/xspark3/ASM & HRMS/XSpark_HRMS/node_modules/.bin/ts-script': '/Users/xspark3/ASM & HRMS/XSpark_HRMS/node_modules/.bin/.ts-script-PAJUttNB',
83 silly reify   '/Users/xspark3/ASM & HRMS/XSpark_HRMS/node_modules/@radix-ui/react-avatar': '/Users/xspark3/ASM & HRMS/XSpark_HRMS/node_modules/@radix-ui/.react-avatar-4wL82stx',
83 silly reify   '/Users/xspark3/ASM & HRMS/XSpark_HRMS/node_modules/ts-jest': '/Users/xspark3/ASM & HRMS/XSpark_HRMS/node_modules/.ts-jest-xubCUV9t',
83 silly reify   '/Users/xspark3/ASM & HRMS/XSpark_HRMS/node_modules/.bin/ts-jest': '/Users/xspark3/ASM & HRMS/XSpark_HRMS/node_modules/.bin/.ts-jest-7LJL0mVM',
83 silly reify   '/Users/xspark3/ASM & HRMS/XSpark_HRMS/node_modules/@radix-ui/react-checkbox': '/Users/xspark3/ASM & HRMS/XSpark_HRMS/node_modules/@radix-ui/.react-checkbox-o5gjLC1h',
83 silly reify   '/Users/xspark3/ASM & HRMS/XSpark_HRMS/node_modules/@hookform/resolvers': '/Users/xspark3/ASM & HRMS/XSpark_HRMS/node_modules/@hookform/.resolvers-qWCXQDL6',
83 silly reify   '/Users/xspark3/ASM & HRMS/XSpark_HRMS/node_modules/@radix-ui/react-aspect-ratio': '/Users/xspark3/ASM & HRMS/XSpark_HRMS/node_modules/@radix-ui/.react-aspect-ratio-r1ukxZzL',
83 silly reify   '/Users/xspark3/ASM & HRMS/XSpark_HRMS/node_modules/@radix-ui/react-dialog': '/Users/xspark3/ASM & HRMS/XSpark_HRMS/node_modules/@radix-ui/.react-dialog-vDB3H7t1',
83 silly reify   '/Users/xspark3/ASM & HRMS/XSpark_HRMS/node_modules/@radix-ui/react-label': '/Users/xspark3/ASM & HRMS/XSpark_HRMS/node_modules/@radix-ui/.react-label-wpbDa5wk',
83 silly reify   '/Users/xspark3/ASM & HRMS/XSpark_HRMS/node_modules/@radix-ui/react-collapsible': '/Users/xspark3/ASM & HRMS/XSpark_HRMS/node_modules/@radix-ui/.react-collapsible-ipEu5IUr',
83 silly reify   '/Users/xspark3/ASM & HRMS/XSpark_HRMS/node_modules/@radix-ui/react-accordion': '/Users/xspark3/ASM & HRMS/XSpark_HRMS/node_modules/@radix-ui/.react-accordion-tHJD9M0p',
83 silly reify   '/Users/xspark3/ASM & HRMS/XSpark_HRMS/node_modules/@radix-ui/react-context-menu': '/Users/xspark3/ASM & HRMS/XSpark_HRMS/node_modules/@radix-ui/.react-context-menu-5B6uX1h5',
83 silly reify   '/Users/xspark3/ASM & HRMS/XSpark_HRMS/node_modules/@radix-ui/react-dropdown-menu': '/Users/xspark3/ASM & HRMS/XSpark_HRMS/node_modules/@radix-ui/.react-dropdown-menu-Nc1wgcQD',
83 silly reify   '/Users/xspark3/ASM & HRMS/XSpark_HRMS/node_modules/@radix-ui/react-menubar': '/Users/xspark3/ASM & HRMS/XSpark_HRMS/node_modules/@radix-ui/.react-menubar-JM96S0ez',
83 silly reify   '/Users/xspark3/ASM & HRMS/XSpark_HRMS/node_modules/@radix-ui/react-popover': '/Users/xspark3/ASM & HRMS/XSpark_HRMS/node_modules/@radix-ui/.react-popover-y8YCMCHk',
83 silly reify   '/Users/xspark3/ASM & HRMS/XSpark_HRMS/node_modules/@radix-ui/react-radio-group': '/Users/xspark3/ASM & HRMS/XSpark_HRMS/node_modules/@radix-ui/.react-radio-group-NSSEhC5Z',
83 silly reify   '/Users/xspark3/ASM & HRMS/XSpark_HRMS/node_modules/@radix-ui/react-select': '/Users/xspark3/ASM & HRMS/XSpark_HRMS/node_modules/@radix-ui/.react-select-R7I26RBE',
83 silly reify   '/Users/xspark3/ASM & HRMS/XSpark_HRMS/node_modules/@radix-ui/react-scroll-area': '/Users/xspark3/ASM & HRMS/XSpark_HRMS/node_modules/@radix-ui/.react-scroll-area-EfrvdZ9w',
83 silly reify   '/Users/xspark3/ASM & HRMS/XSpark_HRMS/node_modules/@radix-ui/react-navigation-menu': '/Users/xspark3/ASM & HRMS/XSpark_HRMS/node_modules/@radix-ui/.react-navigation-menu-yJglB87f',
83 silly reify   '/Users/xspark3/ASM & HRMS/XSpark_HRMS/node_modules/@radix-ui/react-slot': '/Users/xspark3/ASM & HRMS/XSpark_HRMS/node_modules/@radix-ui/.react-slot-CMSVY9aw',
83 silly reify   '/Users/xspark3/ASM & HRMS/XSpark_HRMS/node_modules/@radix-ui/react-separator': '/Users/xspark3/ASM & HRMS/XSpark_HRMS/node_modules/@radix-ui/.react-separator-jX1qg2U4',
83 silly reify   '/Users/xspark3/ASM & HRMS/XSpark_HRMS/node_modules/@radix-ui/react-slider': '/Users/xspark3/ASM & HRMS/XSpark_HRMS/node_modules/@radix-ui/.react-slider-KoKM2uB8',
83 silly reify   '/Users/xspark3/ASM & HRMS/XSpark_HRMS/node_modules/@radix-ui/react-progress': '/Users/xspark3/ASM & HRMS/XSpark_HRMS/node_modules/@radix-ui/.react-progress-pAOLuYVw',
83 silly reify   '/Users/xspark3/ASM & HRMS/XSpark_HRMS/node_modules/@radix-ui/react-switch': '/Users/xspark3/ASM & HRMS/XSpark_HRMS/node_modules/@radix-ui/.react-switch-xeyqAbcr',
83 silly reify   '/Users/xspark3/ASM & HRMS/XSpark_HRMS/node_modules/@radix-ui/react-toast': '/Users/xspark3/ASM & HRMS/XSpark_HRMS/node_modules/@radix-ui/.react-toast-zGtDVcBZ',
83 silly reify   '/Users/xspark3/ASM & HRMS/XSpark_HRMS/node_modules/@radix-ui/react-tooltip': '/Users/xspark3/ASM & HRMS/XSpark_HRMS/node_modules/@radix-ui/.react-tooltip-f9gfaQyx',
83 silly reify   '/Users/xspark3/ASM & HRMS/XSpark_HRMS/node_modules/@tailwindcss/postcss': '/Users/xspark3/ASM & HRMS/XSpark_HRMS/node_modules/@tailwindcss/.postcss-YRRBemAb',
83 silly reify   '/Users/xspark3/ASM & HRMS/XSpark_HRMS/node_modules/@radix-ui/react-toggle': '/Users/xspark3/ASM & HRMS/XSpark_HRMS/node_modules/@radix-ui/.react-toggle-AiIGwrnE',
83 silly reify   '/Users/xspark3/ASM & HRMS/XSpark_HRMS/node_modules/@radix-ui/react-tabs': '/Users/xspark3/ASM & HRMS/XSpark_HRMS/node_modules/@radix-ui/.react-tabs-6W8POMlg',
83 silly reify   '/Users/xspark3/ASM & HRMS/XSpark_HRMS/node_modules/@supabase/supabase-js': '/Users/xspark3/ASM & HRMS/XSpark_HRMS/node_modules/@supabase/.supabase-js-zNy6MlQX',
83 silly reify   '/Users/xspark3/ASM & HRMS/XSpark_HRMS/node_modules/@radix-ui/react-toggle-group': '/Users/xspark3/ASM & HRMS/XSpark_HRMS/node_modules/@radix-ui/.react-toggle-group-PwbelYMz',
83 silly reify   '/Users/xspark3/ASM & HRMS/XSpark_HRMS/node_modules/@types/node': '/Users/xspark3/ASM & HRMS/XSpark_HRMS/node_modules/@types/.node-oPaIEQPk',
83 silly reify   '/Users/xspark3/ASM & HRMS/XSpark_HRMS/node_modules/@testing-library/jest-dom': '/Users/xspark3/ASM & HRMS/XSpark_HRMS/node_modules/@testing-library/.jest-dom-KnavmMcL',
83 silly reify   '/Users/xspark3/ASM & HRMS/XSpark_HRMS/node_modules/@radix-ui/react-hover-card': '/Users/xspark3/ASM & HRMS/XSpark_HRMS/node_modules/@radix-ui/.react-hover-card-V2Lg4NsI',
83 silly reify   '/Users/xspark3/ASM & HRMS/XSpark_HRMS/node_modules/@testing-library/user-event': '/Users/xspark3/ASM & HRMS/XSpark_HRMS/node_modules/@testing-library/.user-event-LPxyhcxT',
83 silly reify   '/Users/xspark3/ASM & HRMS/XSpark_HRMS/node_modules/@testing-library/react': '/Users/xspark3/ASM & HRMS/XSpark_HRMS/node_modules/@testing-library/.react-blWwADE2',
83 silly reify   '/Users/xspark3/ASM & HRMS/XSpark_HRMS/node_modules/@vercel/analytics': '/Users/xspark3/ASM & HRMS/XSpark_HRMS/node_modules/@vercel/.analytics-ooz7Gx2A',
83 silly reify   '/Users/xspark3/ASM & HRMS/XSpark_HRMS/node_modules/@types/jest': '/Users/xspark3/ASM & HRMS/XSpark_HRMS/node_modules/@types/.jest-vICtgxBp',
83 silly reify   '/Users/xspark3/ASM & HRMS/XSpark_HRMS/node_modules/@types/react': '/Users/xspark3/ASM & HRMS/XSpark_HRMS/node_modules/@types/.react-13WmQdRy',
83 silly reify   '/Users/xspark3/ASM & HRMS/XSpark_HRMS/node_modules/@types/react-dom': '/Users/xspark3/ASM & HRMS/XSpark_HRMS/node_modules/@types/.react-dom-aCWzHdXg'
83 silly reify }
84 verbose reify failed optional dependency /Users/xspark3/ASM & HRMS/XSpark_HRMS/node_modules/@tailwindcss/oxide-wasm32-wasi
85 silly reify mark deleted [
85 silly reify   '/Users/xspark3/ASM & HRMS/XSpark_HRMS/node_modules/@tailwindcss/oxide-wasm32-wasi'
85 silly reify ]
86 silly audit bulk request {
86 silly audit   '@adobe/css-tools': [ '4.4.4' ],
86 silly audit   '@alloc/quick-lru': [ '5.2.0' ],
86 silly audit   '@babel/code-frame': [ '7.27.1' ],
86 silly audit   '@babel/compat-data': [ '7.28.4' ],
86 silly audit   '@babel/core': [ '7.28.4' ],
86 silly audit   semver: [ '6.3.1', '7.7.3' ],
86 silly audit   '@babel/generator': [ '7.28.3' ],
86 silly audit   '@babel/helper-compilation-targets': [ '7.27.2' ],
86 silly audit   '@babel/helper-globals': [ '7.28.0' ],
86 silly audit   '@babel/helper-module-imports': [ '7.27.1' ],
86 silly audit   '@babel/helper-module-transforms': [ '7.28.3' ],
86 silly audit   '@babel/helper-plugin-utils': [ '7.27.1' ],
86 silly audit   '@babel/helper-string-parser': [ '7.27.1' ],
86 silly audit   '@babel/helper-validator-identifier': [ '7.27.1' ],
86 silly audit   '@babel/helper-validator-option': [ '7.27.1' ],
86 silly audit   '@babel/helpers': [ '7.28.4' ],
86 silly audit   '@babel/parser': [ '7.28.4' ],
86 silly audit   '@babel/plugin-syntax-async-generators': [ '7.8.4' ],
86 silly audit   '@babel/plugin-syntax-bigint': [ '7.8.3' ],
86 silly audit   '@babel/plugin-syntax-class-properties': [ '7.12.13' ],
86 silly audit   '@babel/plugin-syntax-class-static-block': [ '7.14.5' ],
86 silly audit   '@babel/plugin-syntax-import-attributes': [ '7.27.1' ],
86 silly audit   '@babel/plugin-syntax-import-meta': [ '7.10.4' ],
86 silly audit   '@babel/plugin-syntax-json-strings': [ '7.8.3' ],
86 silly audit   '@babel/plugin-syntax-jsx': [ '7.27.1' ],
86 silly audit   '@babel/plugin-syntax-logical-assignment-operators': [ '7.10.4' ],
86 silly audit   '@babel/plugin-syntax-nullish-coalescing-operator': [ '7.8.3' ],
86 silly audit   '@babel/plugin-syntax-numeric-separator': [ '7.10.4' ],
86 silly audit   '@babel/plugin-syntax-object-rest-spread': [ '7.8.3' ],
86 silly audit   '@babel/plugin-syntax-optional-catch-binding': [ '7.8.3' ],
86 silly audit   '@babel/plugin-syntax-optional-chaining': [ '7.8.3' ],
86 silly audit   '@babel/plugin-syntax-private-property-in-object': [ '7.14.5' ],
86 silly audit   '@babel/plugin-syntax-top-level-await': [ '7.14.5' ],
86 silly audit   '@babel/plugin-syntax-typescript': [ '7.27.1' ],
86 silly audit   '@babel/runtime': [ '7.28.4' ],
86 silly audit   '@babel/template': [ '7.27.2' ],
86 silly audit   '@babel/traverse': [ '7.28.4' ],
86 silly audit   '@babel/types': [ '7.28.4' ],
86 silly audit   '@bcoe/v8-coverage': [ '0.2.3' ],
86 silly audit   '@cspotcode/source-map-support': [ '0.8.1' ],
86 silly audit   '@jridgewell/trace-mapping': [ '0.3.9', '0.3.31' ],
86 silly audit   '@date-fns/tz': [ '1.2.0' ],
86 silly audit   '@emnapi/runtime': [ '1.5.0' ],
86 silly audit   '@floating-ui/core': [ '1.7.3' ],
86 silly audit   '@floating-ui/dom': [ '1.7.4' ],
86 silly audit   '@floating-ui/react-dom': [ '2.1.6' ],
86 silly audit   '@floating-ui/utils': [ '0.2.10' ],
86 silly audit   '@hookform/resolvers': [ '3.10.0' ],
86 silly audit   '@img/colour': [ '1.0.0' ],
86 silly audit   '@img/sharp-darwin-arm64': [ '0.34.4' ],
86 silly audit   '@img/sharp-darwin-x64': [ '0.34.4' ],
86 silly audit   '@img/sharp-libvips-darwin-arm64': [ '1.2.3' ],
86 silly audit   '@img/sharp-libvips-darwin-x64': [ '1.2.3' ],
86 silly audit   '@img/sharp-libvips-linux-arm': [ '1.2.3' ],
86 silly audit   '@img/sharp-libvips-linux-arm64': [ '1.2.3' ],
86 silly audit   '@img/sharp-libvips-linux-ppc64': [ '1.2.3' ],
86 silly audit   '@img/sharp-libvips-linux-s390x': [ '1.2.3' ],
86 silly audit   '@img/sharp-libvips-linux-x64': [ '1.2.3' ],
86 silly audit   '@img/sharp-libvips-linuxmusl-arm64': [ '1.2.3' ],
86 silly audit   '@img/sharp-libvips-linuxmusl-x64': [ '1.2.3' ],
86 silly audit   '@img/sharp-linux-arm': [ '0.34.4' ],
86 silly audit   '@img/sharp-linux-arm64': [ '0.34.4' ],
86 silly audit   '@img/sharp-linux-ppc64': [ '0.34.4' ],
86 silly audit   '@img/sharp-linux-s390x': [ '0.34.4' ],
86 silly audit   '@img/sharp-linux-x64': [ '0.34.4' ],
86 silly audit   '@img/sharp-linuxmusl-arm64': [ '0.34.4' ],
86 silly audit   '@img/sharp-linuxmusl-x64': [ '0.34.4' ],
86 silly audit   '@img/sharp-wasm32': [ '0.34.4' ],
86 silly audit   '@img/sharp-win32-arm64': [ '0.34.4' ],
86 silly audit   '@img/sharp-win32-ia32': [ '0.34.4' ],
86 silly audit   '@img/sharp-win32-x64': [ '0.34.4' ],
86 silly audit   '@isaacs/fs-minipass': [ '4.0.1' ],
86 silly audit   '@istanbuljs/load-nyc-config': [ '1.1.0' ],
86 silly audit   '@istanbuljs/schema': [ '0.1.3' ],
86 silly audit   '@jest/console': [ '29.7.0' ],
86 silly audit   '@jest/core': [ '29.7.0' ],
86 silly audit   'ansi-styles': [ '5.2.0', '4.3.0' ],
86 silly audit   'jest-config': [ '29.7.0' ],
86 silly audit   'pretty-format': [ '29.7.0', '27.5.1' ],
86 silly audit   '@jest/environment': [ '29.7.0' ],
86 silly audit   '@jest/expect': [ '29.7.0' ],
86 silly audit   '@jest/expect-utils': [ '29.7.0' ],
86 silly audit   '@jest/fake-timers': [ '29.7.0' ],
86 silly audit   '@jest/globals': [ '29.7.0' ],
86 silly audit   '@jest/reporters': [ '29.7.0' ],
86 silly audit   '@jest/schemas': [ '29.6.3' ],
86 silly audit   '@jest/source-map': [ '29.6.3' ],
86 silly audit   '@jest/test-result': [ '29.7.0' ],
86 silly audit   '@jest/test-sequencer': [ '29.7.0' ],
86 silly audit   '@jest/transform': [ '29.7.0' ],
86 silly audit   '@jest/types': [ '29.6.3' ],
86 silly audit   '@jridgewell/gen-mapping': [ '0.3.13' ],
86 silly audit   '@jridgewell/remapping': [ '2.3.5' ],
86 silly audit   '@jridgewell/resolve-uri': [ '3.1.2' ],
86 silly audit   '@jridgewell/sourcemap-codec': [ '1.5.5' ],
86 silly audit   '@next/env': [ '15.5.6' ],
86 silly audit   '@next/swc-darwin-arm64': [ '15.5.6' ],
86 silly audit   '@next/swc-darwin-x64': [ '15.5.6' ],
86 silly audit   '@next/swc-linux-arm64-gnu': [ '15.5.6' ],
86 silly audit   '@next/swc-linux-arm64-musl': [ '15.5.6' ],
86 silly audit   '@next/swc-linux-x64-gnu': [ '15.5.6' ],
86 silly audit   '@next/swc-linux-x64-musl': [ '15.5.6' ],
86 silly audit   '@next/swc-win32-arm64-msvc': [ '15.5.6' ],
86 silly audit   '@next/swc-win32-x64-msvc': [ '15.5.6' ],
86 silly audit   '@radix-ui/number': [ '1.1.0' ],
86 silly audit   '@radix-ui/primitive': [ '1.1.1' ],
86 silly audit   '@radix-ui/react-accordion': [ '1.2.2' ],
86 silly audit   '@radix-ui/react-alert-dialog': [ '1.1.4' ],
86 silly audit   '@radix-ui/react-arrow': [ '1.1.1' ],
86 silly audit   '@radix-ui/react-aspect-ratio': [ '1.1.1' ],
86 silly audit   '@radix-ui/react-avatar': [ '1.1.2' ],
86 silly audit   '@radix-ui/react-checkbox': [ '1.1.3' ],
86 silly audit   '@radix-ui/react-collapsible': [ '1.1.2' ],
86 silly audit   '@radix-ui/react-collection': [ '1.1.1' ],
86 silly audit   '@radix-ui/react-compose-refs': [ '1.1.1' ],
86 silly audit   '@radix-ui/react-context': [ '1.1.1' ],
86 silly audit   '@radix-ui/react-context-menu': [ '2.2.4' ],
86 silly audit   '@radix-ui/react-dialog': [ '1.1.4' ],
86 silly audit   '@radix-ui/react-direction': [ '1.1.0' ],
86 silly audit   '@radix-ui/react-dismissable-layer': [ '1.1.3' ],
86 silly audit   '@radix-ui/react-dropdown-menu': [ '2.1.4' ],
86 silly audit   '@radix-ui/react-focus-guards': [ '1.1.1' ],
86 silly audit   '@radix-ui/react-focus-scope': [ '1.1.1' ],
86 silly audit   '@radix-ui/react-hover-card': [ '1.1.4' ],
86 silly audit   '@radix-ui/react-id': [ '1.1.0' ],
86 silly audit   '@radix-ui/react-label': [ '2.1.1' ],
86 silly audit   '@radix-ui/react-menu': [ '2.1.4' ],
86 silly audit   '@radix-ui/react-menubar': [ '1.1.4' ],
86 silly audit   '@radix-ui/react-navigation-menu': [ '1.2.3' ],
86 silly audit   '@radix-ui/react-popover': [ '1.1.4' ],
86 silly audit   '@radix-ui/react-popper': [ '1.2.1' ],
86 silly audit   '@radix-ui/react-portal': [ '1.1.3' ],
86 silly audit   '@radix-ui/react-presence': [ '1.1.2' ],
86 silly audit   '@radix-ui/react-primitive': [ '2.0.1' ],
86 silly audit   '@radix-ui/react-progress': [ '1.1.1' ],
86 silly audit   '@radix-ui/react-radio-group': [ '1.2.2' ],
86 silly audit   '@radix-ui/react-roving-focus': [ '1.1.1' ],
86 silly audit   '@radix-ui/react-scroll-area': [ '1.2.2' ],
86 silly audit   '@radix-ui/react-select': [ '2.1.4' ],
86 silly audit   '@radix-ui/react-separator': [ '1.1.1' ],
86 silly audit   '@radix-ui/react-slider': [ '1.2.2' ],
86 silly audit   '@radix-ui/react-slot': [ '1.1.1' ],
86 silly audit   '@radix-ui/react-switch': [ '1.1.2' ],
86 silly audit   '@radix-ui/react-tabs': [ '1.1.2' ],
86 silly audit   '@radix-ui/react-toast': [ '1.2.4' ],
86 silly audit   '@radix-ui/react-toggle': [ '1.1.1' ],
86 silly audit   '@radix-ui/react-toggle-group': [ '1.1.1' ],
86 silly audit   '@radix-ui/react-tooltip': [ '1.1.6' ],
86 silly audit   '@radix-ui/react-use-callback-ref': [ '1.1.0' ],
86 silly audit   '@radix-ui/react-use-controllable-state': [ '1.1.0' ],
86 silly audit   '@radix-ui/react-use-escape-keydown': [ '1.1.0' ],
86 silly audit   '@radix-ui/react-use-layout-effect': [ '1.1.0' ],
86 silly audit   '@radix-ui/react-use-previous': [ '1.1.0' ],
86 silly audit   '@radix-ui/react-use-rect': [ '1.1.0' ],
86 silly audit   '@radix-ui/react-use-size': [ '1.1.0' ],
86 silly audit   '@radix-ui/react-visually-hidden': [ '1.1.1' ],
86 silly audit   '@radix-ui/rect': [ '1.1.0' ],
86 silly audit   '@sinclair/typebox': [ '0.27.8' ],
86 silly audit   '@sinonjs/commons': [ '3.0.1' ],
86 silly audit   '@sinonjs/fake-timers': [ '10.3.0' ],
86 silly audit   '@supabase/auth-js': [ '2.76.1' ],
86 silly audit   '@supabase/functions-js': [ '2.76.1' ],
86 silly audit   '@supabase/node-fetch': [ '2.6.15' ],
86 silly audit   '@supabase/postgrest-js': [ '2.76.1' ],
86 silly audit   '@supabase/realtime-js': [ '2.76.1' ],
86 silly audit   '@supabase/storage-js': [ '2.76.1' ],
86 silly audit   '@supabase/supabase-js': [ '2.76.1' ],
86 silly audit   '@swc/helpers': [ '0.5.15' ],
86 silly audit   '@tailwindcss/node': [ '4.1.14' ],
86 silly audit   '@tailwindcss/oxide': [ '4.1.14' ],
86 silly audit   '@tailwindcss/oxide-android-arm64': [ '4.1.14' ],
86 silly audit   '@tailwindcss/oxide-darwin-arm64': [ '4.1.14' ],
86 silly audit   '@tailwindcss/oxide-darwin-x64': [ '4.1.14' ],
86 silly audit   '@tailwindcss/oxide-freebsd-x64': [ '4.1.14' ],
86 silly audit   '@tailwindcss/oxide-linux-arm-gnueabihf': [ '4.1.14' ],
86 silly audit   '@tailwindcss/oxide-linux-arm64-gnu': [ '4.1.14' ],
86 silly audit   '@tailwindcss/oxide-linux-arm64-musl': [ '4.1.14' ],
86 silly audit   '@tailwindcss/oxide-linux-x64-gnu': [ '4.1.14' ],
86 silly audit   '@tailwindcss/oxide-linux-x64-musl': [ '4.1.14' ],
86 silly audit   '@tailwindcss/oxide-win32-arm64-msvc': [ '4.1.14' ],
86 silly audit   '@tailwindcss/oxide-win32-x64-msvc': [ '4.1.14' ],
86 silly audit   '@tailwindcss/postcss': [ '4.1.14' ],
86 silly audit   '@testing-library/dom': [ '10.4.1' ],
86 silly audit   '@testing-library/jest-dom': [ '6.9.1' ],
86 silly audit   'dom-accessibility-api': [ '0.6.3', '0.5.16' ],
86 silly audit   '@testing-library/react': [ '16.3.0' ],
86 silly audit   '@testing-library/user-event': [ '14.6.1' ],
86 silly audit   '@tootallnate/once': [ '2.0.0' ],
86 silly audit   '@tsconfig/node10': [ '1.0.11' ],
86 silly audit   '@tsconfig/node12': [ '1.0.11' ],
86 silly audit   '@tsconfig/node14': [ '1.0.3' ],
86 silly audit   '@tsconfig/node16': [ '1.0.4' ],
86 silly audit   '@types/aria-query': [ '5.0.4' ],
86 silly audit   '@types/babel__core': [ '7.20.5' ],
86 silly audit   '@types/babel__generator': [ '7.27.0' ],
86 silly audit   '@types/babel__template': [ '7.4.4' ],
86 silly audit   '@types/babel__traverse': [ '7.28.0' ],
86 silly audit   '@types/d3-array': [ '3.2.2' ],
86 silly audit   '@types/d3-color': [ '3.1.3' ],
86 silly audit   '@types/d3-ease': [ '3.0.2' ],
86 silly audit   '@types/d3-interpolate': [ '3.0.4' ],
86 silly audit   '@types/d3-path': [ '3.1.1' ],
86 silly audit   '@types/d3-scale': [ '4.0.9' ],
86 silly audit   '@types/d3-shape': [ '3.1.7' ],
86 silly audit   '@types/d3-time': [ '3.0.4' ],
86 silly audit   '@types/d3-timer': [ '3.0.2' ],
86 silly audit   '@types/graceful-fs': [ '4.1.9' ],
86 silly audit   '@types/istanbul-lib-coverage': [ '2.0.6' ],
86 silly audit   '@types/istanbul-lib-report': [ '3.0.3' ],
86 silly audit   '@types/istanbul-reports': [ '3.0.4' ],
86 silly audit   '@types/jest': [ '29.5.14' ],
86 silly audit   '@types/jsdom': [ '20.0.1' ],
86 silly audit   '@types/node': [ '22.18.11' ],
86 silly audit   '@types/phoenix': [ '1.6.6' ],
86 silly audit   '@types/react': [ '19.2.2' ],
86 silly audit   '@types/react-dom': [ '19.2.2' ],
86 silly audit   '@types/stack-utils': [ '2.0.3' ],
86 silly audit   '@types/tough-cookie': [ '4.0.5' ],
86 silly audit   '@types/ws': [ '8.18.1' ],
86 silly audit   '@types/yargs': [ '17.0.33' ],
86 silly audit   '@types/yargs-parser': [ '21.0.3' ],
86 silly audit   '@vercel/analytics': [ '1.3.1' ],
86 silly audit   abab: [ '2.0.6' ],
86 silly audit   acorn: [ '8.15.0' ],
86 silly audit   'acorn-globals': [ '7.0.1' ],
86 silly audit   'acorn-walk': [ '8.3.4' ],
86 silly audit   'agent-base': [ '6.0.2' ],
86 silly audit   'ansi-escapes': [ '4.3.2' ],
86 silly audit   'ansi-regex': [ '5.0.1' ],
86 silly audit   anymatch: [ '3.1.3' ],
86 silly audit   arg: [ '4.1.3' ],
86 silly audit   argparse: [ '1.0.10' ],
86 silly audit   'aria-hidden': [ '1.2.6' ],
86 silly audit   'aria-query': [ '5.3.0' ],
86 silly audit   asynckit: [ '0.4.0' ],
86 silly audit   autoprefixer: [ '10.4.21' ],
86 silly audit   'babel-jest': [ '29.7.0' ],
86 silly audit   'babel-plugin-istanbul': [ '6.1.1' ],
86 silly audit   'istanbul-lib-instrument': [ '5.2.1', '6.0.3' ],
86 silly audit   'babel-plugin-jest-hoist': [ '29.6.3' ],
86 silly audit   'babel-preset-current-node-syntax': [ '1.2.0' ],
86 silly audit   'babel-preset-jest': [ '29.6.3' ],
86 silly audit   'balanced-match': [ '1.0.2' ],
86 silly audit   'baseline-browser-mapping': [ '2.8.18' ],
86 silly audit   'brace-expansion': [ '1.1.12' ],
86 silly audit   braces: [ '3.0.3' ],
86 silly audit   browserslist: [ '4.26.3' ],
86 silly audit   'bs-logger': [ '0.2.6' ],
86 silly audit   bser: [ '2.1.1' ],
86 silly audit   'buffer-from': [ '1.1.2' ],
86 silly audit   'call-bind-apply-helpers': [ '1.0.2' ],
86 silly audit   callsites: [ '3.1.0' ],
86 silly audit   camelcase: [ '5.3.1', '6.3.0' ],
86 silly audit   'caniuse-lite': [ '1.0.30001751' ],
86 silly audit   chalk: [ '4.1.2' ],
86 silly audit   'char-regex': [ '1.0.2' ],
86 silly audit   chownr: [ '3.0.0' ],
86 silly audit   'ci-info': [ '3.9.0' ],
86 silly audit   'cjs-module-lexer': [ '1.4.3' ],
86 silly audit   'class-variance-authority': [ '0.7.1' ],
86 silly audit   'client-only': [ '0.0.1' ],
86 silly audit   cliui: [ '8.0.1' ],
86 silly audit   clsx: [ '2.1.1' ],
86 silly audit   cmdk: [ '1.0.4' ],
86 silly audit   co: [ '4.6.0' ],
86 silly audit   'collect-v8-coverage': [ '1.0.3' ],
86 silly audit   'color-convert': [ '2.0.1' ],
86 silly audit   'color-name': [ '1.1.4' ],
86 silly audit   'combined-stream': [ '1.0.8' ],
86 silly audit   'concat-map': [ '0.0.1' ],
86 silly audit   'convert-source-map': [ '2.0.0' ],
86 silly audit   'create-jest': [ '29.7.0' ],
86 silly audit   'create-require': [ '1.1.1' ],
86 silly audit   'cross-spawn': [ '7.0.6' ],
86 silly audit   'css.escape': [ '1.5.1' ],
86 silly audit   cssom: [ '0.5.0', '0.3.8' ],
86 silly audit   cssstyle: [ '2.3.0' ],
86 silly audit   csstype: [ '3.1.3' ],
86 silly audit   'd3-array': [ '3.2.4' ],
86 silly audit   'd3-color': [ '3.1.0' ],
86 silly audit   'd3-ease': [ '3.0.1' ],
86 silly audit   'd3-format': [ '3.1.0' ],
86 silly audit   'd3-interpolate': [ '3.0.1' ],
86 silly audit   'd3-path': [ '3.1.0' ],
86 silly audit   'd3-scale': [ '4.0.2' ],
86 silly audit   'd3-shape': [ '3.2.0' ],
86 silly audit   'd3-time': [ '3.1.0' ],
86 silly audit   'd3-time-format': [ '4.1.0' ],
86 silly audit   'd3-timer': [ '3.0.1' ],
86 silly audit   'data-urls': [ '3.0.2' ],
86 silly audit   tr46: [ '3.0.0', '0.0.3' ],
86 silly audit   'whatwg-url': [ '11.0.0', '5.0.0' ],
86 silly audit   'date-fns': [ '3.6.0', '4.1.0' ],
86 silly audit   'date-fns-jalali': [ '4.1.0-0' ],
86 silly audit   debug: [ '4.4.3' ],
86 silly audit   'decimal.js': [ '10.6.0' ],
86 silly audit   'decimal.js-light': [ '2.5.1' ],
86 silly audit   dedent: [ '1.7.0' ],
86 silly audit   deepmerge: [ '4.3.1' ],
86 silly audit   'delayed-stream': [ '1.0.0' ],
86 silly audit   dequal: [ '2.0.3' ],
86 silly audit   'detect-libc': [ '2.1.2' ],
86 silly audit   'detect-newline': [ '3.1.0' ],
86 silly audit   'detect-node-es': [ '1.1.0' ],
86 silly audit   diff: [ '4.0.2' ],
86 silly audit   'diff-sequences': [ '29.6.3' ],
86 silly audit   'dom-helpers': [ '5.2.1' ],
86 silly audit   domexception: [ '4.0.0' ],
86 silly audit   'dunder-proto': [ '1.0.1' ],
86 silly audit   'electron-to-chromium': [ '1.5.237' ],
86 silly audit   'embla-carousel': [ '8.5.1' ],
86 silly audit   'embla-carousel-react': [ '8.5.1' ],
86 silly audit   'embla-carousel-reactive-utils': [ '8.5.1' ],
86 silly audit   emittery: [ '0.13.1' ],
86 silly audit   'emoji-regex': [ '8.0.0' ],
86 silly audit   'enhanced-resolve': [ '5.18.3' ],
86 silly audit   entities: [ '6.0.1' ],
86 silly audit   'error-ex': [ '1.3.4' ],
86 silly audit   'is-arrayish': [ '0.2.1' ],
86 silly audit   'es-define-property': [ '1.0.1' ],
86 silly audit   'es-errors': [ '1.3.0' ],
86 silly audit   'es-object-atoms': [ '1.1.1' ],
86 silly audit   'es-set-tostringtag': [ '2.1.0' ],
86 silly audit   escalade: [ '3.2.0' ],
86 silly audit   'escape-string-regexp': [ '2.0.0' ],
86 silly audit   escodegen: [ '2.1.0' ],
86 silly audit   esprima: [ '4.0.1' ],
86 silly audit   estraverse: [ '5.3.0' ],
86 silly audit   esutils: [ '2.0.3' ],
86 silly audit   eventemitter3: [ '4.0.7' ],
86 silly audit   execa: [ '5.1.1' ],
86 silly audit   exit: [ '0.1.2' ],
86 silly audit   expect: [ '29.7.0' ],
86 silly audit   'fast-equals': [ '5.3.2' ],
86 silly audit   'fast-json-stable-stringify': [ '2.1.0' ],
86 silly audit   'fb-watchman': [ '2.0.2' ],
86 silly audit   'fill-range': [ '7.1.1' ],
86 silly audit   'find-up': [ '4.1.0' ],
86 silly audit   'form-data': [ '4.0.4' ],
86 silly audit   'fraction.js': [ '4.3.7' ],
86 silly audit   'framer-motion': [ '12.23.24' ],
86 silly audit   'fs.realpath': [ '1.0.0' ],
86 silly audit   fsevents: [ '2.3.3' ],
86 silly audit   'function-bind': [ '1.1.2' ],
86 silly audit   gensync: [ '1.0.0-beta.2' ],
86 silly audit   'get-caller-file': [ '2.0.5' ],
86 silly audit   'get-intrinsic': [ '1.3.0' ],
86 silly audit   'get-nonce': [ '1.0.1' ],
86 silly audit   'get-package-type': [ '0.1.0' ],
86 silly audit   'get-proto': [ '1.0.1' ],
86 silly audit   'get-stream': [ '6.0.1' ],
86 silly audit   glob: [ '7.2.3' ],
86 silly audit   gopd: [ '1.2.0' ],
86 silly audit   'graceful-fs': [ '4.2.11' ],
86 silly audit   handlebars: [ '4.7.8' ],
86 silly audit   'has-flag': [ '4.0.0' ],
86 silly audit   'has-symbols': [ '1.1.0' ],
86 silly audit   'has-tostringtag': [ '1.0.2' ],
86 silly audit   hasown: [ '2.0.2' ],
86 silly audit   'html-encoding-sniffer': [ '3.0.0' ],
86 silly audit   'html-escaper': [ '2.0.2' ],
86 silly audit   'http-proxy-agent': [ '5.0.0' ],
86 silly audit   'https-proxy-agent': [ '5.0.1' ],
86 silly audit   'human-signals': [ '2.1.0' ],
86 silly audit   'iconv-lite': [ '0.6.3' ],
86 silly audit   'import-local': [ '3.2.0' ],
86 silly audit   imurmurhash: [ '0.1.4' ],
86 silly audit   'indent-string': [ '4.0.0' ],
86 silly audit   inflight: [ '1.0.6' ],
86 silly audit   inherits: [ '2.0.4' ],
86 silly audit   'input-otp': [ '1.4.1' ],
86 silly audit   internmap: [ '2.0.3' ],
86 silly audit   'is-core-module': [ '2.16.1' ],
86 silly audit   'is-fullwidth-code-point': [ '3.0.0' ],
86 silly audit   'is-generator-fn': [ '2.1.0' ],
86 silly audit   'is-number': [ '7.0.0' ],
86 silly audit   'is-potential-custom-element-name': [ '1.0.1' ],
86 silly audit   'is-stream': [ '2.0.1' ],
86 silly audit   isexe: [ '2.0.0' ],
86 silly audit   'istanbul-lib-coverage': [ '3.2.2' ],
86 silly audit   'istanbul-lib-report': [ '3.0.1' ],
86 silly audit   'istanbul-lib-source-maps': [ '4.0.1' ],
86 silly audit   'istanbul-reports': [ '3.2.0' ],
86 silly audit   jest: [ '29.7.0' ],
86 silly audit   'jest-changed-files': [ '29.7.0' ],
86 silly audit   'jest-circus': [ '29.7.0' ],
86 silly audit   'jest-cli': [ '29.7.0' ],
86 silly audit   'jest-diff': [ '29.7.0' ],
86 silly audit   'jest-docblock': [ '29.7.0' ],
86 silly audit   'jest-each': [ '29.7.0' ],
86 silly audit   'jest-environment-jsdom': [ '29.7.0' ],
86 silly audit   'jest-environment-node': [ '29.7.0' ],
86 silly audit   'jest-get-type': [ '29.6.3' ],
86 silly audit   'jest-haste-map': [ '29.7.0' ],
86 silly audit   'jest-leak-detector': [ '29.7.0' ],
86 silly audit   'jest-matcher-utils': [ '29.7.0' ],
86 silly audit   'jest-message-util': [ '29.7.0' ],
86 silly audit   'jest-mock': [ '29.7.0' ],
86 silly audit   'jest-pnp-resolver': [ '1.2.3' ],
86 silly audit   'jest-regex-util': [ '29.6.3' ],
86 silly audit   'jest-resolve': [ '29.7.0' ],
86 silly audit   'jest-resolve-dependencies': [ '29.7.0' ],
86 silly audit   'jest-runner': [ '29.7.0' ],
86 silly audit   'jest-runtime': [ '29.7.0' ],
86 silly audit   'jest-snapshot': [ '29.7.0' ],
86 silly audit   'jest-util': [ '29.7.0' ],
86 silly audit   'jest-validate': [ '29.7.0' ],
86 silly audit   'jest-watcher': [ '29.7.0' ],
86 silly audit   'jest-worker': [ '29.7.0' ],
86 silly audit   'supports-color': [ '8.1.1', '7.2.0' ],
86 silly audit   jiti: [ '2.6.1' ],
86 silly audit   'js-tokens': [ '4.0.0' ],
86 silly audit   'js-yaml': [ '3.14.1' ],
86 silly audit   jsdom: [ '20.0.3' ],
86 silly audit   jsesc: [ '3.1.0' ],
86 silly audit   'json-parse-even-better-errors': [ '2.3.1' ],
86 silly audit   json5: [ '2.2.3' ],
86 silly audit   kleur: [ '3.0.3' ],
86 silly audit   leven: [ '3.1.0' ],
86 silly audit   lightningcss: [ '1.30.1' ],
86 silly audit   'lightningcss-darwin-arm64': [ '1.30.1' ],
86 silly audit   'lightningcss-darwin-x64': [ '1.30.1' ],
86 silly audit   'lightningcss-freebsd-x64': [ '1.30.1' ],
86 silly audit   'lightningcss-linux-arm-gnueabihf': [ '1.30.1' ],
86 silly audit   'lightningcss-linux-arm64-gnu': [ '1.30.1' ],
86 silly audit   'lightningcss-linux-arm64-musl': [ '1.30.1' ],
86 silly audit   'lightningcss-linux-x64-gnu': [ '1.30.1' ],
86 silly audit   'lightningcss-linux-x64-musl': [ '1.30.1' ],
86 silly audit   'lightningcss-win32-arm64-msvc': [ '1.30.1' ],
86 silly audit   'lightningcss-win32-x64-msvc': [ '1.30.1' ],
86 silly audit   'lines-and-columns': [ '1.2.4' ],
86 silly audit   'locate-path': [ '5.0.0' ],
86 silly audit   lodash: [ '4.17.21' ],
86 silly audit   'lodash.memoize': [ '4.1.2' ],
86 silly audit   'loose-envify': [ '1.4.0' ],
86 silly audit   'lru-cache': [ '5.1.1' ],
86 silly audit   yallist: [ '3.1.1', '5.0.0' ],
86 silly audit   'lucide-react': [ '0.454.0' ],
86 silly audit   'lz-string': [ '1.5.0' ],
86 silly audit   'magic-string': [ '0.30.19' ],
86 silly audit   'make-dir': [ '4.0.0' ],
86 silly audit   'make-error': [ '1.3.6' ],
86 silly audit   makeerror: [ '1.0.12' ],
86 silly audit   'math-intrinsics': [ '1.1.0' ],
86 silly audit   'merge-stream': [ '2.0.0' ],
86 silly audit   micromatch: [ '4.0.8' ],
86 silly audit   'mime-db': [ '1.52.0' ],
86 silly audit   'mime-types': [ '2.1.35' ],
86 silly audit   'mimic-fn': [ '2.1.0' ],
86 silly audit   'min-indent': [ '1.0.1' ],
86 silly audit   minimatch: [ '3.1.2' ],
86 silly audit   minimist: [ '1.2.8' ],
86 silly audit   minipass: [ '7.1.2' ],
86 silly audit   minizlib: [ '3.1.0' ],
86 silly audit   'motion-dom': [ '12.23.23' ],
86 silly audit   'motion-utils': [ '12.23.6' ],
86 silly audit   ms: [ '2.1.3' ],
86 silly audit   nanoid: [ '3.3.11' ],
86 silly audit   'natural-compare': [ '1.4.0' ],
86 silly audit   'neo-async': [ '2.6.2' ],
86 silly audit   next: [ '15.5.6' ],
86 silly audit   'next-themes': [ '0.4.6' ],
86 silly audit   postcss: [ '8.4.31', '8.5.6' ],
86 silly audit   'node-int64': [ '0.4.0' ],
86 silly audit   'node-releases': [ '2.0.25' ],
86 silly audit   'normalize-path': [ '3.0.0' ],
86 silly audit   'normalize-range': [ '0.1.2' ],
86 silly audit   'npm-run-path': [ '4.0.1' ],
86 silly audit   nwsapi: [ '2.2.22' ],
86 silly audit   'object-assign': [ '4.1.1' ],
86 silly audit   once: [ '1.4.0' ],
86 silly audit   onetime: [ '5.1.2' ],
86 silly audit   'p-limit': [ '3.1.0', '2.3.0' ],
86 silly audit   'p-locate': [ '4.1.0' ],
86 silly audit   'p-try': [ '2.2.0' ],
86 silly audit   'parse-json': [ '5.2.0' ],
86 silly audit   parse5: [ '7.3.0' ],
86 silly audit   'path-exists': [ '4.0.0' ],
86 silly audit   'path-is-absolute': [ '1.0.1' ],
86 silly audit   'path-key': [ '3.1.1' ],
86 silly audit   'path-parse': [ '1.0.7' ],
86 silly audit   picocolors: [ '1.1.1' ],
86 silly audit   picomatch: [ '2.3.1' ],
86 silly audit   pirates: [ '4.0.7' ],
86 silly audit   'pkg-dir': [ '4.2.0' ],
86 silly audit   'postcss-value-parser': [ '4.2.0' ],
86 silly audit   'react-is': [ '17.0.2', '16.13.1', '18.3.1' ],
86 silly audit   prompts: [ '2.4.2' ],
86 silly audit   'prop-types': [ '15.8.1' ],
86 silly audit   psl: [ '1.15.0' ],
86 silly audit   punycode: [ '2.3.1' ],
86 silly audit   'pure-rand': [ '6.1.0' ],
86 silly audit   querystringify: [ '2.2.0' ],
86 silly audit   react: [ '19.2.0' ],
86 silly audit   'react-day-picker': [ '9.8.0' ],
86 silly audit   'react-dom': [ '19.2.0' ],
86 silly audit   'react-hook-form': [ '7.65.0' ],
86 silly audit   'react-remove-scroll': [ '2.7.1' ],
86 silly audit   'react-remove-scroll-bar': [ '2.3.8' ],
86 silly audit   'react-resizable-panels': [ '2.1.9' ],
86 silly audit   'react-smooth': [ '4.0.4' ],
86 silly audit   'react-style-singleton': [ '2.2.3' ],
86 silly audit   'react-transition-group': [ '4.4.5' ],
86 silly audit   recharts: [ '2.15.4' ],
86 silly audit   'recharts-scale': [ '0.4.5' ],
86 silly audit   redent: [ '3.0.0' ],
86 silly audit   'require-directory': [ '2.1.1' ],
86 silly audit   'requires-port': [ '1.0.0' ],
86 silly audit   resolve: [ '1.22.11' ],
86 silly audit   'resolve-cwd': [ '3.0.0' ],
86 silly audit   'resolve-from': [ '5.0.0' ],
86 silly audit   'resolve.exports': [ '2.0.3' ],
86 silly audit   'safer-buffer': [ '2.1.2' ],
86 silly audit   saxes: [ '6.0.0' ],
86 silly audit   scheduler: [ '0.27.0' ],
86 silly audit   'server-only': [ '0.0.1' ],
86 silly audit   sharp: [ '0.34.4' ],
86 silly audit   'shebang-command': [ '2.0.0' ],
86 silly audit   'shebang-regex': [ '3.0.0' ],
86 silly audit   'signal-exit': [ '3.0.7' ],
86 silly audit   sisteransi: [ '1.0.5' ],
86 silly audit   slash: [ '3.0.0' ],
86 silly audit   sonner: [ '1.7.4' ],
86 silly audit   'source-map': [ '0.6.1' ],
86 silly audit   'source-map-js': [ '1.2.1' ],
86 silly audit   'source-map-support': [ '0.5.13' ],
86 silly audit   'sprintf-js': [ '1.0.3' ],
86 silly audit   'stack-utils': [ '2.0.6' ],
86 silly audit   'string-length': [ '4.0.2' ],
86 silly audit   'string-width': [ '4.2.3' ],
86 silly audit   'strip-ansi': [ '6.0.1' ],
86 silly audit   'strip-bom': [ '4.0.0' ],
86 silly audit   'strip-final-newline': [ '2.0.0' ],
86 silly audit   'strip-indent': [ '3.0.0' ],
86 silly audit   'strip-json-comments': [ '3.1.1' ],
86 silly audit   'styled-jsx': [ '5.1.6' ],
86 silly audit   'supports-preserve-symlinks-flag': [ '1.0.0' ],
86 silly audit   swr: [ '2.3.6' ],
86 silly audit   'symbol-tree': [ '3.2.4' ],
86 silly audit   'tailwind-merge': [ '2.6.0' ],
86 silly audit   tailwindcss: [ '4.1.14' ],
86 silly audit   'tailwindcss-animate': [ '1.0.7' ],
86 silly audit   tapable: [ '2.3.0' ],
86 silly audit   tar: [ '7.5.1' ],
86 silly audit   'test-exclude': [ '6.0.0' ],
86 silly audit   'tiny-invariant': [ '1.3.3' ],
86 silly audit   tmpl: [ '1.0.5' ],
86 silly audit   'to-regex-range': [ '5.0.1' ],
86 silly audit   'tough-cookie': [ '4.1.4' ],
86 silly audit   'ts-jest': [ '29.4.5' ],
86 silly audit   'type-fest': [ '4.41.0', '0.21.3' ],
86 silly audit   'ts-node': [ '10.9.2' ],
86 silly audit   tslib: [ '2.8.1' ],
86 silly audit   'tw-animate-css': [ '1.3.3' ],
86 silly audit   'type-detect': [ '4.0.8' ],
86 silly audit   typescript: [ '5.9.3' ],
86 silly audit   'uglify-js': [ '3.19.3' ],
86 silly audit   'undici-types': [ '6.21.0' ],
86 silly audit   universalify: [ '0.2.0' ],
86 silly audit   'update-browserslist-db': [ '1.1.3' ],
86 silly audit   'url-parse': [ '1.5.10' ],
86 silly audit   'use-callback-ref': [ '1.3.3' ],
86 silly audit   'use-sidecar': [ '1.1.3' ],
86 silly audit   'use-sync-external-store': [ '1.6.0' ],
86 silly audit   'v8-compile-cache-lib': [ '3.0.1' ],
86 silly audit   'v8-to-istanbul': [ '9.3.0' ],
86 silly audit   vaul: [ '1.1.2' ],
86 silly audit   'victory-vendor': [ '36.9.2' ],
86 silly audit   'w3c-xmlserializer': [ '4.0.0' ],
86 silly audit   walker: [ '1.0.8' ],
86 silly audit   'webidl-conversions': [ '7.0.0', '3.0.1' ],
86 silly audit   'whatwg-encoding': [ '2.0.0' ],
86 silly audit   'whatwg-mimetype': [ '3.0.0' ],
86 silly audit   which: [ '2.0.2' ],
86 silly audit   wordwrap: [ '1.0.0' ],
86 silly audit   'wrap-ansi': [ '7.0.0' ],
86 silly audit   wrappy: [ '1.0.2' ],
86 silly audit   'write-file-atomic': [ '4.0.2' ],
86 silly audit   ws: [ '8.18.3' ],
86 silly audit   'xml-name-validator': [ '4.0.0' ],
86 silly audit   xmlchars: [ '2.2.0' ],
86 silly audit   y18n: [ '5.0.8' ],
86 silly audit   yargs: [ '17.7.2' ],
86 silly audit   'yargs-parser': [ '21.1.1' ],
86 silly audit   yn: [ '3.1.1' ],
86 silly audit   'yocto-queue': [ '0.1.0' ],
86 silly audit   zod: [ '3.25.76' ],
86 silly audit   '@tailwindcss/oxide-wasm32-wasi': [ '4.1.14' ]
86 silly audit }
87 verbose reify failed optional dependency /Users/xspark3/ASM & HRMS/XSpark_HRMS/node_modules/lightningcss-win32-x64-msvc
88 silly reify mark deleted [
88 silly reify   '/Users/xspark3/ASM & HRMS/XSpark_HRMS/node_modules/lightningcss-win32-x64-msvc'
88 silly reify ]
89 verbose reify failed optional dependency /Users/xspark3/ASM & HRMS/XSpark_HRMS/node_modules/lightningcss-win32-arm64-msvc
90 silly reify mark deleted [
90 silly reify   '/Users/xspark3/ASM & HRMS/XSpark_HRMS/node_modules/lightningcss-win32-arm64-msvc'
90 silly reify ]
91 verbose reify failed optional dependency /Users/xspark3/ASM & HRMS/XSpark_HRMS/node_modules/lightningcss-linux-x64-musl
92 silly reify mark deleted [
92 silly reify   '/Users/xspark3/ASM & HRMS/XSpark_HRMS/node_modules/lightningcss-linux-x64-musl'
92 silly reify ]
93 verbose reify failed optional dependency /Users/xspark3/ASM & HRMS/XSpark_HRMS/node_modules/lightningcss-linux-x64-gnu
94 silly reify mark deleted [
94 silly reify   '/Users/xspark3/ASM & HRMS/XSpark_HRMS/node_modules/lightningcss-linux-x64-gnu'
94 silly reify ]
95 verbose reify failed optional dependency /Users/xspark3/ASM & HRMS/XSpark_HRMS/node_modules/lightningcss-linux-arm64-musl
96 silly reify mark deleted [
96 silly reify   '/Users/xspark3/ASM & HRMS/XSpark_HRMS/node_modules/lightningcss-linux-arm64-musl'
96 silly reify ]
97 verbose reify failed optional dependency /Users/xspark3/ASM & HRMS/XSpark_HRMS/node_modules/lightningcss-linux-arm64-gnu
98 silly reify mark deleted [
98 silly reify   '/Users/xspark3/ASM & HRMS/XSpark_HRMS/node_modules/lightningcss-linux-arm64-gnu'
98 silly reify ]
99 verbose reify failed optional dependency /Users/xspark3/ASM & HRMS/XSpark_HRMS/node_modules/lightningcss-linux-arm-gnueabihf
100 silly reify mark deleted [
100 silly reify   '/Users/xspark3/ASM & HRMS/XSpark_HRMS/node_modules/lightningcss-linux-arm-gnueabihf'
100 silly reify ]
101 verbose reify failed optional dependency /Users/xspark3/ASM & HRMS/XSpark_HRMS/node_modules/lightningcss-freebsd-x64
102 silly reify mark deleted [
102 silly reify   '/Users/xspark3/ASM & HRMS/XSpark_HRMS/node_modules/lightningcss-freebsd-x64'
102 silly reify ]
103 verbose reify failed optional dependency /Users/xspark3/ASM & HRMS/XSpark_HRMS/node_modules/lightningcss-darwin-arm64
104 silly reify mark deleted [
104 silly reify   '/Users/xspark3/ASM & HRMS/XSpark_HRMS/node_modules/lightningcss-darwin-arm64'
104 silly reify ]
105 verbose reify failed optional dependency /Users/xspark3/ASM & HRMS/XSpark_HRMS/node_modules/@tailwindcss/oxide-win32-x64-msvc
106 silly reify mark deleted [
106 silly reify   '/Users/xspark3/ASM & HRMS/XSpark_HRMS/node_modules/@tailwindcss/oxide-win32-x64-msvc'
106 silly reify ]
107 verbose reify failed optional dependency /Users/xspark3/ASM & HRMS/XSpark_HRMS/node_modules/@tailwindcss/oxide-win32-arm64-msvc
108 silly reify mark deleted [
108 silly reify   '/Users/xspark3/ASM & HRMS/XSpark_HRMS/node_modules/@tailwindcss/oxide-win32-arm64-msvc'
108 silly reify ]
109 verbose reify failed optional dependency /Users/xspark3/ASM & HRMS/XSpark_HRMS/node_modules/@tailwindcss/oxide-linux-x64-musl
110 silly reify mark deleted [
110 silly reify   '/Users/xspark3/ASM & HRMS/XSpark_HRMS/node_modules/@tailwindcss/oxide-linux-x64-musl'
110 silly reify ]
111 verbose reify failed optional dependency /Users/xspark3/ASM & HRMS/XSpark_HRMS/node_modules/@tailwindcss/oxide-linux-x64-gnu
112 silly reify mark deleted [
112 silly reify   '/Users/xspark3/ASM & HRMS/XSpark_HRMS/node_modules/@tailwindcss/oxide-linux-x64-gnu'
112 silly reify ]
113 verbose reify failed optional dependency /Users/xspark3/ASM & HRMS/XSpark_HRMS/node_modules/@tailwindcss/oxide-linux-arm64-musl
114 silly reify mark deleted [
114 silly reify   '/Users/xspark3/ASM & HRMS/XSpark_HRMS/node_modules/@tailwindcss/oxide-linux-arm64-musl'
114 silly reify ]
115 verbose reify failed optional dependency /Users/xspark3/ASM & HRMS/XSpark_HRMS/node_modules/@tailwindcss/oxide-linux-arm64-gnu
116 silly reify mark deleted [
116 silly reify   '/Users/xspark3/ASM & HRMS/XSpark_HRMS/node_modules/@tailwindcss/oxide-linux-arm64-gnu'
116 silly reify ]
117 verbose reify failed optional dependency /Users/xspark3/ASM & HRMS/XSpark_HRMS/node_modules/@tailwindcss/oxide-linux-arm-gnueabihf
118 silly reify mark deleted [
118 silly reify   '/Users/xspark3/ASM & HRMS/XSpark_HRMS/node_modules/@tailwindcss/oxide-linux-arm-gnueabihf'
118 silly reify ]
119 verbose reify failed optional dependency /Users/xspark3/ASM & HRMS/XSpark_HRMS/node_modules/@tailwindcss/oxide-freebsd-x64
120 silly reify mark deleted [
120 silly reify   '/Users/xspark3/ASM & HRMS/XSpark_HRMS/node_modules/@tailwindcss/oxide-freebsd-x64'
120 silly reify ]
121 verbose reify failed optional dependency /Users/xspark3/ASM & HRMS/XSpark_HRMS/node_modules/@tailwindcss/oxide-darwin-arm64
122 silly reify mark deleted [
122 silly reify   '/Users/xspark3/ASM & HRMS/XSpark_HRMS/node_modules/@tailwindcss/oxide-darwin-arm64'
122 silly reify ]
123 verbose reify failed optional dependency /Users/xspark3/ASM & HRMS/XSpark_HRMS/node_modules/@tailwindcss/oxide-android-arm64
124 silly reify mark deleted [
124 silly reify   '/Users/xspark3/ASM & HRMS/XSpark_HRMS/node_modules/@tailwindcss/oxide-android-arm64'
124 silly reify ]
125 verbose reify failed optional dependency /Users/xspark3/ASM & HRMS/XSpark_HRMS/node_modules/@next/swc-win32-x64-msvc
126 silly reify mark deleted [
126 silly reify   '/Users/xspark3/ASM & HRMS/XSpark_HRMS/node_modules/@next/swc-win32-x64-msvc'
126 silly reify ]
127 verbose reify failed optional dependency /Users/xspark3/ASM & HRMS/XSpark_HRMS/node_modules/@next/swc-win32-arm64-msvc
128 silly reify mark deleted [
128 silly reify   '/Users/xspark3/ASM & HRMS/XSpark_HRMS/node_modules/@next/swc-win32-arm64-msvc'
128 silly reify ]
129 verbose reify failed optional dependency /Users/xspark3/ASM & HRMS/XSpark_HRMS/node_modules/@next/swc-linux-x64-musl
130 silly reify mark deleted [
130 silly reify   '/Users/xspark3/ASM & HRMS/XSpark_HRMS/node_modules/@next/swc-linux-x64-musl'
130 silly reify ]
131 verbose reify failed optional dependency /Users/xspark3/ASM & HRMS/XSpark_HRMS/node_modules/@next/swc-linux-x64-gnu
132 silly reify mark deleted [
132 silly reify   '/Users/xspark3/ASM & HRMS/XSpark_HRMS/node_modules/@next/swc-linux-x64-gnu'
132 silly reify ]
133 verbose reify failed optional dependency /Users/xspark3/ASM & HRMS/XSpark_HRMS/node_modules/@next/swc-linux-arm64-musl
134 silly reify mark deleted [
134 silly reify   '/Users/xspark3/ASM & HRMS/XSpark_HRMS/node_modules/@next/swc-linux-arm64-musl'
134 silly reify ]
135 verbose reify failed optional dependency /Users/xspark3/ASM & HRMS/XSpark_HRMS/node_modules/@next/swc-linux-arm64-gnu
136 silly reify mark deleted [
136 silly reify   '/Users/xspark3/ASM & HRMS/XSpark_HRMS/node_modules/@next/swc-linux-arm64-gnu'
136 silly reify ]
137 verbose reify failed optional dependency /Users/xspark3/ASM & HRMS/XSpark_HRMS/node_modules/@next/swc-darwin-arm64
138 silly reify mark deleted [
138 silly reify   '/Users/xspark3/ASM & HRMS/XSpark_HRMS/node_modules/@next/swc-darwin-arm64'
138 silly reify ]
139 verbose reify failed optional dependency /Users/xspark3/ASM & HRMS/XSpark_HRMS/node_modules/@img/sharp-win32-x64
140 silly reify mark deleted [
140 silly reify   '/Users/xspark3/ASM & HRMS/XSpark_HRMS/node_modules/@img/sharp-win32-x64'
140 silly reify ]
141 verbose reify failed optional dependency /Users/xspark3/ASM & HRMS/XSpark_HRMS/node_modules/@img/sharp-win32-ia32
142 silly reify mark deleted [
142 silly reify   '/Users/xspark3/ASM & HRMS/XSpark_HRMS/node_modules/@img/sharp-win32-ia32'
142 silly reify ]
143 verbose reify failed optional dependency /Users/xspark3/ASM & HRMS/XSpark_HRMS/node_modules/@img/sharp-win32-arm64
144 silly reify mark deleted [
144 silly reify   '/Users/xspark3/ASM & HRMS/XSpark_HRMS/node_modules/@img/sharp-win32-arm64'
144 silly reify ]
145 verbose reify failed optional dependency /Users/xspark3/ASM & HRMS/XSpark_HRMS/node_modules/@img/sharp-wasm32
146 silly reify mark deleted [
146 silly reify   '/Users/xspark3/ASM & HRMS/XSpark_HRMS/node_modules/@img/sharp-wasm32'
146 silly reify ]
147 verbose reify failed optional dependency /Users/xspark3/ASM & HRMS/XSpark_HRMS/node_modules/@img/sharp-linuxmusl-x64
148 silly reify mark deleted [
148 silly reify   '/Users/xspark3/ASM & HRMS/XSpark_HRMS/node_modules/@img/sharp-linuxmusl-x64'
148 silly reify ]
149 verbose reify failed optional dependency /Users/xspark3/ASM & HRMS/XSpark_HRMS/node_modules/@img/sharp-linuxmusl-arm64
150 silly reify mark deleted [
150 silly reify   '/Users/xspark3/ASM & HRMS/XSpark_HRMS/node_modules/@img/sharp-linuxmusl-arm64'
150 silly reify ]
151 verbose reify failed optional dependency /Users/xspark3/ASM & HRMS/XSpark_HRMS/node_modules/@img/sharp-linux-x64
152 silly reify mark deleted [
152 silly reify   '/Users/xspark3/ASM & HRMS/XSpark_HRMS/node_modules/@img/sharp-linux-x64'
152 silly reify ]
153 verbose reify failed optional dependency /Users/xspark3/ASM & HRMS/XSpark_HRMS/node_modules/@img/sharp-linux-s390x
154 silly reify mark deleted [
154 silly reify   '/Users/xspark3/ASM & HRMS/XSpark_HRMS/node_modules/@img/sharp-linux-s390x'
154 silly reify ]
155 verbose reify failed optional dependency /Users/xspark3/ASM & HRMS/XSpark_HRMS/node_modules/@img/sharp-linux-ppc64
156 silly reify mark deleted [
156 silly reify   '/Users/xspark3/ASM & HRMS/XSpark_HRMS/node_modules/@img/sharp-linux-ppc64'
156 silly reify ]
157 verbose reify failed optional dependency /Users/xspark3/ASM & HRMS/XSpark_HRMS/node_modules/@img/sharp-linux-arm64
158 silly reify mark deleted [
158 silly reify   '/Users/xspark3/ASM & HRMS/XSpark_HRMS/node_modules/@img/sharp-linux-arm64'
158 silly reify ]
159 verbose reify failed optional dependency /Users/xspark3/ASM & HRMS/XSpark_HRMS/node_modules/@img/sharp-linux-arm
160 silly reify mark deleted [
160 silly reify   '/Users/xspark3/ASM & HRMS/XSpark_HRMS/node_modules/@img/sharp-linux-arm'
160 silly reify ]
161 verbose reify failed optional dependency /Users/xspark3/ASM & HRMS/XSpark_HRMS/node_modules/@img/sharp-libvips-linuxmusl-x64
162 silly reify mark deleted [
162 silly reify   '/Users/xspark3/ASM & HRMS/XSpark_HRMS/node_modules/@img/sharp-libvips-linuxmusl-x64'
162 silly reify ]
163 verbose reify failed optional dependency /Users/xspark3/ASM & HRMS/XSpark_HRMS/node_modules/@img/sharp-libvips-linuxmusl-arm64
164 silly reify mark deleted [
164 silly reify   '/Users/xspark3/ASM & HRMS/XSpark_HRMS/node_modules/@img/sharp-libvips-linuxmusl-arm64'
164 silly reify ]
165 verbose reify failed optional dependency /Users/xspark3/ASM & HRMS/XSpark_HRMS/node_modules/@img/sharp-libvips-linux-x64
166 silly reify mark deleted [
166 silly reify   '/Users/xspark3/ASM & HRMS/XSpark_HRMS/node_modules/@img/sharp-libvips-linux-x64'
166 silly reify ]
167 verbose reify failed optional dependency /Users/xspark3/ASM & HRMS/XSpark_HRMS/node_modules/@img/sharp-libvips-linux-s390x
168 silly reify mark deleted [
168 silly reify   '/Users/xspark3/ASM & HRMS/XSpark_HRMS/node_modules/@img/sharp-libvips-linux-s390x'
168 silly reify ]
169 verbose reify failed optional dependency /Users/xspark3/ASM & HRMS/XSpark_HRMS/node_modules/@img/sharp-libvips-linux-ppc64
170 silly reify mark deleted [
170 silly reify   '/Users/xspark3/ASM & HRMS/XSpark_HRMS/node_modules/@img/sharp-libvips-linux-ppc64'
170 silly reify ]
171 verbose reify failed optional dependency /Users/xspark3/ASM & HRMS/XSpark_HRMS/node_modules/@img/sharp-libvips-linux-arm64
172 silly reify mark deleted [
172 silly reify   '/Users/xspark3/ASM & HRMS/XSpark_HRMS/node_modules/@img/sharp-libvips-linux-arm64'
172 silly reify ]
173 verbose reify failed optional dependency /Users/xspark3/ASM & HRMS/XSpark_HRMS/node_modules/@img/sharp-libvips-linux-arm
174 silly reify mark deleted [
174 silly reify   '/Users/xspark3/ASM & HRMS/XSpark_HRMS/node_modules/@img/sharp-libvips-linux-arm'
174 silly reify ]
175 verbose reify failed optional dependency /Users/xspark3/ASM & HRMS/XSpark_HRMS/node_modules/@img/sharp-libvips-darwin-arm64
176 silly reify mark deleted [
176 silly reify   '/Users/xspark3/ASM & HRMS/XSpark_HRMS/node_modules/@img/sharp-libvips-darwin-arm64'
176 silly reify ]
177 verbose reify failed optional dependency /Users/xspark3/ASM & HRMS/XSpark_HRMS/node_modules/@img/sharp-darwin-arm64
178 silly reify mark deleted [
178 silly reify   '/Users/xspark3/ASM & HRMS/XSpark_HRMS/node_modules/@img/sharp-darwin-arm64'
178 silly reify ]
179 http cache yn@https://registry.npmjs.org/yn/-/yn-3.1.1.tgz 0ms (cache hit)
180 http cache yocto-queue@https://registry.npmjs.org/yocto-queue/-/yocto-queue-0.1.0.tgz 0ms (cache hit)
181 http cache yargs-parser@https://registry.npmjs.org/yargs-parser/-/yargs-parser-21.1.1.tgz 1ms (cache hit)
182 http cache yargs@https://registry.npmjs.org/yargs/-/yargs-17.7.2.tgz 0ms (cache hit)
183 http cache yallist@https://registry.npmjs.org/yallist/-/yallist-5.0.0.tgz 0ms (cache hit)
184 http cache y18n@https://registry.npmjs.org/y18n/-/y18n-5.0.8.tgz 0ms (cache hit)
185 http cache xmlchars@https://registry.npmjs.org/xmlchars/-/xmlchars-2.2.0.tgz 0ms (cache hit)
186 http cache xml-name-validator@https://registry.npmjs.org/xml-name-validator/-/xml-name-validator-4.0.0.tgz 1ms (cache hit)
187 http cache ws@https://registry.npmjs.org/ws/-/ws-8.18.3.tgz 0ms (cache hit)
188 http cache write-file-atomic@https://registry.npmjs.org/write-file-atomic/-/write-file-atomic-4.0.2.tgz 0ms (cache hit)
189 http cache wrappy@https://registry.npmjs.org/wrappy/-/wrappy-1.0.2.tgz 0ms (cache hit)
190 http cache wrap-ansi@https://registry.npmjs.org/wrap-ansi/-/wrap-ansi-7.0.0.tgz 1ms (cache hit)
191 http cache wordwrap@https://registry.npmjs.org/wordwrap/-/wordwrap-1.0.0.tgz 0ms (cache hit)
192 http cache which@https://registry.npmjs.org/which/-/which-2.0.2.tgz 0ms (cache hit)
193 http cache whatwg-mimetype@https://registry.npmjs.org/whatwg-mimetype/-/whatwg-mimetype-3.0.0.tgz 0ms (cache hit)
194 http cache whatwg-url@https://registry.npmjs.org/whatwg-url/-/whatwg-url-5.0.0.tgz 0ms (cache hit)
195 http cache whatwg-encoding@https://registry.npmjs.org/whatwg-encoding/-/whatwg-encoding-2.0.0.tgz 0ms (cache hit)
196 http cache webidl-conversions@https://registry.npmjs.org/webidl-conversions/-/webidl-conversions-7.0.0.tgz 0ms (cache hit)
197 http cache walker@https://registry.npmjs.org/walker/-/walker-1.0.8.tgz 0ms (cache hit)
198 http cache w3c-xmlserializer@https://registry.npmjs.org/w3c-xmlserializer/-/w3c-xmlserializer-4.0.0.tgz 0ms (cache hit)
199 http cache victory-vendor@https://registry.npmjs.org/victory-vendor/-/victory-vendor-36.9.2.tgz 0ms (cache hit)
200 http cache v8-to-istanbul@https://registry.npmjs.org/v8-to-istanbul/-/v8-to-istanbul-9.3.0.tgz 0ms (cache hit)
201 http cache v8-compile-cache-lib@https://registry.npmjs.org/v8-compile-cache-lib/-/v8-compile-cache-lib-3.0.1.tgz 0ms (cache hit)
202 http cache use-sync-external-store@https://registry.npmjs.org/use-sync-external-store/-/use-sync-external-store-1.6.0.tgz 0ms (cache hit)
203 http cache use-sidecar@https://registry.npmjs.org/use-sidecar/-/use-sidecar-1.1.3.tgz 0ms (cache hit)
204 http cache use-callback-ref@https://registry.npmjs.org/use-callback-ref/-/use-callback-ref-1.3.3.tgz 0ms (cache hit)
205 http cache url-parse@https://registry.npmjs.org/url-parse/-/url-parse-1.5.10.tgz 0ms (cache hit)
206 http cache update-browserslist-db@https://registry.npmjs.org/update-browserslist-db/-/update-browserslist-db-1.1.3.tgz 0ms (cache hit)
207 http cache universalify@https://registry.npmjs.org/universalify/-/universalify-0.2.0.tgz 0ms (cache hit)
208 http cache undici-types@https://registry.npmjs.org/undici-types/-/undici-types-6.21.0.tgz 0ms (cache hit)
209 http cache uglify-js@https://registry.npmjs.org/uglify-js/-/uglify-js-3.19.3.tgz 0ms (cache hit)
210 http cache type-fest@https://registry.npmjs.org/type-fest/-/type-fest-0.21.3.tgz 0ms (cache hit)
211 http cache type-detect@https://registry.npmjs.org/type-detect/-/type-detect-4.0.8.tgz 0ms (cache hit)
212 http cache tslib@https://registry.npmjs.org/tslib/-/tslib-2.8.1.tgz 0ms (cache hit)
213 http cache tr46@https://registry.npmjs.org/tr46/-/tr46-0.0.3.tgz 0ms (cache hit)
214 http cache tough-cookie@https://registry.npmjs.org/tough-cookie/-/tough-cookie-4.1.4.tgz 0ms (cache hit)
215 http cache to-regex-range@https://registry.npmjs.org/to-regex-range/-/to-regex-range-5.0.1.tgz 0ms (cache hit)
216 http cache tmpl@https://registry.npmjs.org/tmpl/-/tmpl-1.0.5.tgz 0ms (cache hit)
217 http cache tiny-invariant@https://registry.npmjs.org/tiny-invariant/-/tiny-invariant-1.3.3.tgz 0ms (cache hit)
218 http cache tar@https://registry.npmjs.org/tar/-/tar-7.5.1.tgz 0ms (cache hit)
219 http cache test-exclude@https://registry.npmjs.org/test-exclude/-/test-exclude-6.0.0.tgz 0ms (cache hit)
220 http cache tapable@https://registry.npmjs.org/tapable/-/tapable-2.3.0.tgz 0ms (cache hit)
221 http cache symbol-tree@https://registry.npmjs.org/symbol-tree/-/symbol-tree-3.2.4.tgz 0ms (cache hit)
222 http cache swr@https://registry.npmjs.org/swr/-/swr-2.3.6.tgz 0ms (cache hit)
223 http cache supports-preserve-symlinks-flag@https://registry.npmjs.org/supports-preserve-symlinks-flag/-/supports-preserve-symlinks-flag-1.0.0.tgz 0ms (cache hit)
224 http cache supports-color@https://registry.npmjs.org/supports-color/-/supports-color-7.2.0.tgz 0ms (cache hit)
225 http cache styled-jsx@https://registry.npmjs.org/styled-jsx/-/styled-jsx-5.1.6.tgz 0ms (cache hit)
226 http cache strip-json-comments@https://registry.npmjs.org/strip-json-comments/-/strip-json-comments-3.1.1.tgz 0ms (cache hit)
227 http cache strip-indent@https://registry.npmjs.org/strip-indent/-/strip-indent-3.0.0.tgz 0ms (cache hit)
228 http cache strip-final-newline@https://registry.npmjs.org/strip-final-newline/-/strip-final-newline-2.0.0.tgz 0ms (cache hit)
229 http cache strip-ansi@https://registry.npmjs.org/strip-ansi/-/strip-ansi-6.0.1.tgz 0ms (cache hit)
230 http cache string-width@https://registry.npmjs.org/string-width/-/string-width-4.2.3.tgz 0ms (cache hit)
231 http cache string-length@https://registry.npmjs.org/string-length/-/string-length-4.0.2.tgz 1ms (cache hit)
232 http cache stack-utils@https://registry.npmjs.org/stack-utils/-/stack-utils-2.0.6.tgz 0ms (cache hit)
233 http cache strip-bom@https://registry.npmjs.org/strip-bom/-/strip-bom-4.0.0.tgz 0ms (cache hit)
234 http cache sprintf-js@https://registry.npmjs.org/sprintf-js/-/sprintf-js-1.0.3.tgz 0ms (cache hit)
235 http cache source-map@https://registry.npmjs.org/source-map/-/source-map-0.6.1.tgz 0ms (cache hit)
236 http cache source-map-support@https://registry.npmjs.org/source-map-support/-/source-map-support-0.5.13.tgz 0ms (cache hit)
237 http cache source-map-js@https://registry.npmjs.org/source-map-js/-/source-map-js-1.2.1.tgz 0ms (cache hit)
238 http cache slash@https://registry.npmjs.org/slash/-/slash-3.0.0.tgz 0ms (cache hit)
239 http cache sisteransi@https://registry.npmjs.org/sisteransi/-/sisteransi-1.0.5.tgz 0ms (cache hit)
240 http cache signal-exit@https://registry.npmjs.org/signal-exit/-/signal-exit-3.0.7.tgz 0ms (cache hit)
241 http cache shebang-regex@https://registry.npmjs.org/shebang-regex/-/shebang-regex-3.0.0.tgz 0ms (cache hit)
242 http cache shebang-command@https://registry.npmjs.org/shebang-command/-/shebang-command-2.0.0.tgz 0ms (cache hit)
243 http cache server-only@https://registry.npmjs.org/server-only/-/server-only-0.0.1.tgz 0ms (cache hit)
244 http cache semver@https://registry.npmjs.org/semver/-/semver-7.7.3.tgz 0ms (cache hit)
245 http cache scheduler@https://registry.npmjs.org/scheduler/-/scheduler-0.27.0.tgz 0ms (cache hit)
246 http cache saxes@https://registry.npmjs.org/saxes/-/saxes-6.0.0.tgz 0ms (cache hit)
247 http cache safer-buffer@https://registry.npmjs.org/safer-buffer/-/safer-buffer-2.1.2.tgz 0ms (cache hit)
248 http cache resolve.exports@https://registry.npmjs.org/resolve.exports/-/resolve.exports-2.0.3.tgz 0ms (cache hit)
249 http cache resolve-from@https://registry.npmjs.org/resolve-from/-/resolve-from-5.0.0.tgz 0ms (cache hit)
250 http cache resolve-cwd@https://registry.npmjs.org/resolve-cwd/-/resolve-cwd-3.0.0.tgz 0ms (cache hit)
251 http cache resolve@https://registry.npmjs.org/resolve/-/resolve-1.22.11.tgz 0ms (cache hit)
252 http cache requires-port@https://registry.npmjs.org/requires-port/-/requires-port-1.0.0.tgz 0ms (cache hit)
253 http cache require-directory@https://registry.npmjs.org/require-directory/-/require-directory-2.1.1.tgz 0ms (cache hit)
254 http cache redent@https://registry.npmjs.org/redent/-/redent-3.0.0.tgz 0ms (cache hit)
255 http cache react-transition-group@https://registry.npmjs.org/react-transition-group/-/react-transition-group-4.4.5.tgz 0ms (cache hit)
256 http cache react-style-singleton@https://registry.npmjs.org/react-style-singleton/-/react-style-singleton-2.2.3.tgz 0ms (cache hit)
257 http cache sharp@https://registry.npmjs.org/sharp/-/sharp-0.34.4.tgz 0ms (cache hit)
258 http cache react-smooth@https://registry.npmjs.org/react-smooth/-/react-smooth-4.0.4.tgz 0ms (cache hit)
259 http cache react-remove-scroll-bar@https://registry.npmjs.org/react-remove-scroll-bar/-/react-remove-scroll-bar-2.3.8.tgz 0ms (cache hit)
260 http cache recharts-scale@https://registry.npmjs.org/recharts-scale/-/recharts-scale-0.4.5.tgz 0ms (cache hit)
261 http cache react-is@https://registry.npmjs.org/react-is/-/react-is-18.3.1.tgz 0ms (cache hit)
262 http cache querystringify@https://registry.npmjs.org/querystringify/-/querystringify-2.2.0.tgz 0ms (cache hit)
263 http cache react-remove-scroll@https://registry.npmjs.org/react-remove-scroll/-/react-remove-scroll-2.7.1.tgz 0ms (cache hit)
264 http cache pure-rand@https://registry.npmjs.org/pure-rand/-/pure-rand-6.1.0.tgz 0ms (cache hit)
265 http cache punycode@https://registry.npmjs.org/punycode/-/punycode-2.3.1.tgz 0ms (cache hit)
266 http cache psl@https://registry.npmjs.org/psl/-/psl-1.15.0.tgz 0ms (cache hit)
267 http cache prompts@https://registry.npmjs.org/prompts/-/prompts-2.4.2.tgz 0ms (cache hit)
268 http cache pretty-format@https://registry.npmjs.org/pretty-format/-/pretty-format-27.5.1.tgz 0ms (cache hit)
269 http cache prop-types@https://registry.npmjs.org/prop-types/-/prop-types-15.8.1.tgz 0ms (cache hit)
270 http cache postcss-value-parser@https://registry.npmjs.org/postcss-value-parser/-/postcss-value-parser-4.2.0.tgz 0ms (cache hit)
271 http cache pkg-dir@https://registry.npmjs.org/pkg-dir/-/pkg-dir-4.2.0.tgz 0ms (cache hit)
272 http cache pirates@https://registry.npmjs.org/pirates/-/pirates-4.0.7.tgz 0ms (cache hit)
273 http cache picocolors@https://registry.npmjs.org/picocolors/-/picocolors-1.1.1.tgz 0ms (cache hit)
274 http cache picomatch@https://registry.npmjs.org/picomatch/-/picomatch-2.3.1.tgz 0ms (cache hit)
275 http cache path-parse@https://registry.npmjs.org/path-parse/-/path-parse-1.0.7.tgz 0ms (cache hit)
276 http cache path-key@https://registry.npmjs.org/path-key/-/path-key-3.1.1.tgz 0ms (cache hit)
277 http cache path-is-absolute@https://registry.npmjs.org/path-is-absolute/-/path-is-absolute-1.0.1.tgz 0ms (cache hit)
278 http cache path-exists@https://registry.npmjs.org/path-exists/-/path-exists-4.0.0.tgz 0ms (cache hit)
279 http cache parse5@https://registry.npmjs.org/parse5/-/parse5-7.3.0.tgz 1ms (cache hit)
280 http cache parse-json@https://registry.npmjs.org/parse-json/-/parse-json-5.2.0.tgz 0ms (cache hit)
281 http cache p-try@https://registry.npmjs.org/p-try/-/p-try-2.2.0.tgz 0ms (cache hit)
282 http cache p-locate@https://registry.npmjs.org/p-locate/-/p-locate-4.1.0.tgz 0ms (cache hit)
283 http cache p-limit@https://registry.npmjs.org/p-limit/-/p-limit-3.1.0.tgz 0ms (cache hit)
284 http cache onetime@https://registry.npmjs.org/onetime/-/onetime-5.1.2.tgz 0ms (cache hit)
285 http cache once@https://registry.npmjs.org/once/-/once-1.4.0.tgz 0ms (cache hit)
286 http cache object-assign@https://registry.npmjs.org/object-assign/-/object-assign-4.1.1.tgz 0ms (cache hit)
287 http cache nwsapi@https://registry.npmjs.org/nwsapi/-/nwsapi-2.2.22.tgz 0ms (cache hit)
288 http cache npm-run-path@https://registry.npmjs.org/npm-run-path/-/npm-run-path-4.0.1.tgz 0ms (cache hit)
289 http cache normalize-range@https://registry.npmjs.org/normalize-range/-/normalize-range-0.1.2.tgz 0ms (cache hit)
290 http cache normalize-path@https://registry.npmjs.org/normalize-path/-/normalize-path-3.0.0.tgz 0ms (cache hit)
291 http cache node-releases@https://registry.npmjs.org/node-releases/-/node-releases-2.0.25.tgz 0ms (cache hit)
292 http cache node-int64@https://registry.npmjs.org/node-int64/-/node-int64-0.4.0.tgz 0ms (cache hit)
293 http cache neo-async@https://registry.npmjs.org/neo-async/-/neo-async-2.6.2.tgz 0ms (cache hit)
294 http cache natural-compare@https://registry.npmjs.org/natural-compare/-/natural-compare-1.4.0.tgz 0ms (cache hit)
295 http cache nanoid@https://registry.npmjs.org/nanoid/-/nanoid-3.3.11.tgz 0ms (cache hit)
296 http cache ms@https://registry.npmjs.org/ms/-/ms-2.1.3.tgz 0ms (cache hit)
297 http cache motion-utils@https://registry.npmjs.org/motion-utils/-/motion-utils-12.23.6.tgz 0ms (cache hit)
298 http cache motion-dom@https://registry.npmjs.org/motion-dom/-/motion-dom-12.23.23.tgz 0ms (cache hit)
299 http cache minizlib@https://registry.npmjs.org/minizlib/-/minizlib-3.1.0.tgz 0ms (cache hit)
300 http cache minipass@https://registry.npmjs.org/minipass/-/minipass-7.1.2.tgz 0ms (cache hit)
301 http cache minimist@https://registry.npmjs.org/minimist/-/minimist-1.2.8.tgz 0ms (cache hit)
302 http cache min-indent@https://registry.npmjs.org/min-indent/-/min-indent-1.0.1.tgz 0ms (cache hit)
303 http cache minimatch@https://registry.npmjs.org/minimatch/-/minimatch-3.1.2.tgz 0ms (cache hit)
304 http cache mimic-fn@https://registry.npmjs.org/mimic-fn/-/mimic-fn-2.1.0.tgz 1ms (cache hit)
305 http cache mime-types@https://registry.npmjs.org/mime-types/-/mime-types-2.1.35.tgz 0ms (cache hit)
306 http cache mime-db@https://registry.npmjs.org/mime-db/-/mime-db-1.52.0.tgz 0ms (cache hit)
307 http cache micromatch@https://registry.npmjs.org/micromatch/-/micromatch-4.0.8.tgz 0ms (cache hit)
308 http cache merge-stream@https://registry.npmjs.org/merge-stream/-/merge-stream-2.0.0.tgz 0ms (cache hit)
309 http cache math-intrinsics@https://registry.npmjs.org/math-intrinsics/-/math-intrinsics-1.1.0.tgz 0ms (cache hit)
310 http cache makeerror@https://registry.npmjs.org/makeerror/-/makeerror-1.0.12.tgz 0ms (cache hit)
311 http cache make-error@https://registry.npmjs.org/make-error/-/make-error-1.3.6.tgz 0ms (cache hit)
312 http cache make-dir@https://registry.npmjs.org/make-dir/-/make-dir-4.0.0.tgz 0ms (cache hit)
313 http cache magic-string@https://registry.npmjs.org/magic-string/-/magic-string-0.30.19.tgz 0ms (cache hit)
314 http cache lz-string@https://registry.npmjs.org/lz-string/-/lz-string-1.5.0.tgz 0ms (cache hit)
315 http cache lru-cache@https://registry.npmjs.org/lru-cache/-/lru-cache-5.1.1.tgz 0ms (cache hit)
316 http cache loose-envify@https://registry.npmjs.org/loose-envify/-/loose-envify-1.4.0.tgz 0ms (cache hit)
317 http cache lodash.memoize@https://registry.npmjs.org/lodash.memoize/-/lodash.memoize-4.1.2.tgz 0ms (cache hit)
318 http cache lodash@https://registry.npmjs.org/lodash/-/lodash-4.17.21.tgz 0ms (cache hit)
319 http cache locate-path@https://registry.npmjs.org/locate-path/-/locate-path-5.0.0.tgz 0ms (cache hit)
320 http cache lines-and-columns@https://registry.npmjs.org/lines-and-columns/-/lines-and-columns-1.2.4.tgz 0ms (cache hit)
321 http cache lightningcss-darwin-x64@https://registry.npmjs.org/lightningcss-darwin-x64/-/lightningcss-darwin-x64-1.30.1.tgz 0ms (cache hit)
322 http cache lightningcss@https://registry.npmjs.org/lightningcss/-/lightningcss-1.30.1.tgz 0ms (cache hit)
323 http cache leven@https://registry.npmjs.org/leven/-/leven-3.1.0.tgz 0ms (cache hit)
324 http cache kleur@https://registry.npmjs.org/kleur/-/kleur-3.0.3.tgz 0ms (cache hit)
325 http cache json5@https://registry.npmjs.org/json5/-/json5-2.2.3.tgz 0ms (cache hit)
326 http cache json-parse-even-better-errors@https://registry.npmjs.org/json-parse-even-better-errors/-/json-parse-even-better-errors-2.3.1.tgz 0ms (cache hit)
327 http cache jsesc@https://registry.npmjs.org/jsesc/-/jsesc-3.1.0.tgz 0ms (cache hit)
328 http cache jsdom@https://registry.npmjs.org/jsdom/-/jsdom-20.0.3.tgz 0ms (cache hit)
329 http cache js-yaml@https://registry.npmjs.org/js-yaml/-/js-yaml-3.14.1.tgz 0ms (cache hit)
330 http cache js-tokens@https://registry.npmjs.org/js-tokens/-/js-tokens-4.0.0.tgz 0ms (cache hit)
331 http cache jiti@https://registry.npmjs.org/jiti/-/jiti-2.6.1.tgz 0ms (cache hit)
332 http cache jest-worker@https://registry.npmjs.org/jest-worker/-/jest-worker-29.7.0.tgz 0ms (cache hit)
333 http cache jest-watcher@https://registry.npmjs.org/jest-watcher/-/jest-watcher-29.7.0.tgz 0ms (cache hit)
334 http cache jest-validate@https://registry.npmjs.org/jest-validate/-/jest-validate-29.7.0.tgz 0ms (cache hit)
335 http cache jest-util@https://registry.npmjs.org/jest-util/-/jest-util-29.7.0.tgz 0ms (cache hit)
336 http cache jest-snapshot@https://registry.npmjs.org/jest-snapshot/-/jest-snapshot-29.7.0.tgz 0ms (cache hit)
337 http cache jest-runtime@https://registry.npmjs.org/jest-runtime/-/jest-runtime-29.7.0.tgz 0ms (cache hit)
338 http cache jest-resolve-dependencies@https://registry.npmjs.org/jest-resolve-dependencies/-/jest-resolve-dependencies-29.7.0.tgz 0ms (cache hit)
339 http cache jest-runner@https://registry.npmjs.org/jest-runner/-/jest-runner-29.7.0.tgz 0ms (cache hit)
340 http cache jest-resolve@https://registry.npmjs.org/jest-resolve/-/jest-resolve-29.7.0.tgz 0ms (cache hit)
341 http cache jest-regex-util@https://registry.npmjs.org/jest-regex-util/-/jest-regex-util-29.6.3.tgz 0ms (cache hit)
342 http cache jest-pnp-resolver@https://registry.npmjs.org/jest-pnp-resolver/-/jest-pnp-resolver-1.2.3.tgz 0ms (cache hit)
343 http cache jest-mock@https://registry.npmjs.org/jest-mock/-/jest-mock-29.7.0.tgz 0ms (cache hit)
344 http cache jest-message-util@https://registry.npmjs.org/jest-message-util/-/jest-message-util-29.7.0.tgz 0ms (cache hit)
345 http cache jest-matcher-utils@https://registry.npmjs.org/jest-matcher-utils/-/jest-matcher-utils-29.7.0.tgz 0ms (cache hit)
346 http cache jest-leak-detector@https://registry.npmjs.org/jest-leak-detector/-/jest-leak-detector-29.7.0.tgz 0ms (cache hit)
347 http cache jest-get-type@https://registry.npmjs.org/jest-get-type/-/jest-get-type-29.6.3.tgz 0ms (cache hit)
348 http cache jest-environment-node@https://registry.npmjs.org/jest-environment-node/-/jest-environment-node-29.7.0.tgz 0ms (cache hit)
349 http cache jest-haste-map@https://registry.npmjs.org/jest-haste-map/-/jest-haste-map-29.7.0.tgz 0ms (cache hit)
350 http cache jest-each@https://registry.npmjs.org/jest-each/-/jest-each-29.7.0.tgz 0ms (cache hit)
351 http cache jest-cli@https://registry.npmjs.org/jest-cli/-/jest-cli-29.7.0.tgz 0ms (cache hit)
352 http cache jest-docblock@https://registry.npmjs.org/jest-docblock/-/jest-docblock-29.7.0.tgz 0ms (cache hit)
353 http cache jest-diff@https://registry.npmjs.org/jest-diff/-/jest-diff-29.7.0.tgz 0ms (cache hit)
354 http cache jest-circus@https://registry.npmjs.org/jest-circus/-/jest-circus-29.7.0.tgz 0ms (cache hit)
355 http cache jest-changed-files@https://registry.npmjs.org/jest-changed-files/-/jest-changed-files-29.7.0.tgz 0ms (cache hit)
356 http cache istanbul-reports@https://registry.npmjs.org/istanbul-reports/-/istanbul-reports-3.2.0.tgz 0ms (cache hit)
357 http cache istanbul-lib-source-maps@https://registry.npmjs.org/istanbul-lib-source-maps/-/istanbul-lib-source-maps-4.0.1.tgz 0ms (cache hit)
358 http cache istanbul-lib-report@https://registry.npmjs.org/istanbul-lib-report/-/istanbul-lib-report-3.0.1.tgz 0ms (cache hit)
359 http cache istanbul-lib-instrument@https://registry.npmjs.org/istanbul-lib-instrument/-/istanbul-lib-instrument-6.0.3.tgz 0ms (cache hit)
360 http cache istanbul-lib-coverage@https://registry.npmjs.org/istanbul-lib-coverage/-/istanbul-lib-coverage-3.2.2.tgz 0ms (cache hit)
361 http cache isexe@https://registry.npmjs.org/isexe/-/isexe-2.0.0.tgz 0ms (cache hit)
362 http cache is-stream@https://registry.npmjs.org/is-stream/-/is-stream-2.0.1.tgz 0ms (cache hit)
363 http cache is-potential-custom-element-name@https://registry.npmjs.org/is-potential-custom-element-name/-/is-potential-custom-element-name-1.0.1.tgz 0ms (cache hit)
364 http cache is-number@https://registry.npmjs.org/is-number/-/is-number-7.0.0.tgz 0ms (cache hit)
365 http cache is-generator-fn@https://registry.npmjs.org/is-generator-fn/-/is-generator-fn-2.1.0.tgz 0ms (cache hit)
366 http cache is-fullwidth-code-point@https://registry.npmjs.org/is-fullwidth-code-point/-/is-fullwidth-code-point-3.0.0.tgz 0ms (cache hit)
367 http cache is-core-module@https://registry.npmjs.org/is-core-module/-/is-core-module-2.16.1.tgz 0ms (cache hit)
368 http cache internmap@https://registry.npmjs.org/internmap/-/internmap-2.0.3.tgz 0ms (cache hit)
369 http cache inherits@https://registry.npmjs.org/inherits/-/inherits-2.0.4.tgz 0ms (cache hit)
370 http cache inflight@https://registry.npmjs.org/inflight/-/inflight-1.0.6.tgz 0ms (cache hit)
371 http cache indent-string@https://registry.npmjs.org/indent-string/-/indent-string-4.0.0.tgz 0ms (cache hit)
372 http cache import-local@https://registry.npmjs.org/import-local/-/import-local-3.2.0.tgz 0ms (cache hit)
373 http cache iconv-lite@https://registry.npmjs.org/iconv-lite/-/iconv-lite-0.6.3.tgz 0ms (cache hit)
374 http cache human-signals@https://registry.npmjs.org/human-signals/-/human-signals-2.1.0.tgz 0ms (cache hit)
375 http cache https-proxy-agent@https://registry.npmjs.org/https-proxy-agent/-/https-proxy-agent-5.0.1.tgz 0ms (cache hit)
376 http cache http-proxy-agent@https://registry.npmjs.org/http-proxy-agent/-/http-proxy-agent-5.0.0.tgz 0ms (cache hit)
377 http cache html-escaper@https://registry.npmjs.org/html-escaper/-/html-escaper-2.0.2.tgz 0ms (cache hit)
378 http cache hasown@https://registry.npmjs.org/hasown/-/hasown-2.0.2.tgz 0ms (cache hit)
379 http cache html-encoding-sniffer@https://registry.npmjs.org/html-encoding-sniffer/-/html-encoding-sniffer-3.0.0.tgz 0ms (cache hit)
380 http cache has-tostringtag@https://registry.npmjs.org/has-tostringtag/-/has-tostringtag-1.0.2.tgz 0ms (cache hit)
381 http cache has-symbols@https://registry.npmjs.org/has-symbols/-/has-symbols-1.1.0.tgz 0ms (cache hit)
382 http cache has-flag@https://registry.npmjs.org/has-flag/-/has-flag-4.0.0.tgz 0ms (cache hit)
383 http cache handlebars@https://registry.npmjs.org/handlebars/-/handlebars-4.7.8.tgz 0ms (cache hit)
384 http cache graceful-fs@https://registry.npmjs.org/graceful-fs/-/graceful-fs-4.2.11.tgz 0ms (cache hit)
385 http cache gopd@https://registry.npmjs.org/gopd/-/gopd-1.2.0.tgz 0ms (cache hit)
386 http cache glob@https://registry.npmjs.org/glob/-/glob-7.2.3.tgz 0ms (cache hit)
387 http cache get-stream@https://registry.npmjs.org/get-stream/-/get-stream-6.0.1.tgz 0ms (cache hit)
388 http cache imurmurhash@https://registry.npmjs.org/imurmurhash/-/imurmurhash-0.1.4.tgz 0ms (cache hit)
389 http cache get-package-type@https://registry.npmjs.org/get-package-type/-/get-package-type-0.1.0.tgz 0ms (cache hit)
390 http cache get-nonce@https://registry.npmjs.org/get-nonce/-/get-nonce-1.0.1.tgz 0ms (cache hit)
391 http cache get-proto@https://registry.npmjs.org/get-proto/-/get-proto-1.0.1.tgz 0ms (cache hit)
392 http cache get-caller-file@https://registry.npmjs.org/get-caller-file/-/get-caller-file-2.0.5.tgz 0ms (cache hit)
393 http cache get-intrinsic@https://registry.npmjs.org/get-intrinsic/-/get-intrinsic-1.3.0.tgz 0ms (cache hit)
394 http cache function-bind@https://registry.npmjs.org/function-bind/-/function-bind-1.1.2.tgz 0ms (cache hit)
395 http cache gensync@https://registry.npmjs.org/gensync/-/gensync-1.0.0-beta.2.tgz 0ms (cache hit)
396 http cache fsevents@https://registry.npmjs.org/fsevents/-/fsevents-2.3.3.tgz 0ms (cache hit)
397 http cache fs.realpath@https://registry.npmjs.org/fs.realpath/-/fs.realpath-1.0.0.tgz 0ms (cache hit)
398 http cache fraction.js@https://registry.npmjs.org/fraction.js/-/fraction.js-4.3.7.tgz 0ms (cache hit)
399 http cache form-data@https://registry.npmjs.org/form-data/-/form-data-4.0.4.tgz 0ms (cache hit)
400 http cache fill-range@https://registry.npmjs.org/fill-range/-/fill-range-7.1.1.tgz 0ms (cache hit)
401 http cache fb-watchman@https://registry.npmjs.org/fb-watchman/-/fb-watchman-2.0.2.tgz 0ms (cache hit)
402 http cache fast-json-stable-stringify@https://registry.npmjs.org/fast-json-stable-stringify/-/fast-json-stable-stringify-2.1.0.tgz 0ms (cache hit)
403 http cache fast-equals@https://registry.npmjs.org/fast-equals/-/fast-equals-5.3.2.tgz 0ms (cache hit)
404 http cache expect@https://registry.npmjs.org/expect/-/expect-29.7.0.tgz 0ms (cache hit)
405 http cache exit@https://registry.npmjs.org/exit/-/exit-0.1.2.tgz 0ms (cache hit)
406 http cache execa@https://registry.npmjs.org/execa/-/execa-5.1.1.tgz 0ms (cache hit)
407 http cache eventemitter3@https://registry.npmjs.org/eventemitter3/-/eventemitter3-4.0.7.tgz 0ms (cache hit)
408 http cache esutils@https://registry.npmjs.org/esutils/-/esutils-2.0.3.tgz 0ms (cache hit)
409 http cache estraverse@https://registry.npmjs.org/estraverse/-/estraverse-5.3.0.tgz 0ms (cache hit)
410 http cache find-up@https://registry.npmjs.org/find-up/-/find-up-4.1.0.tgz 0ms (cache hit)
411 http cache esprima@https://registry.npmjs.org/esprima/-/esprima-4.0.1.tgz 0ms (cache hit)
412 http cache escodegen@https://registry.npmjs.org/escodegen/-/escodegen-2.1.0.tgz 0ms (cache hit)
413 http cache escalade@https://registry.npmjs.org/escalade/-/escalade-3.2.0.tgz 0ms (cache hit)
414 http cache escape-string-regexp@https://registry.npmjs.org/escape-string-regexp/-/escape-string-regexp-2.0.0.tgz 0ms (cache hit)
415 http cache es-set-tostringtag@https://registry.npmjs.org/es-set-tostringtag/-/es-set-tostringtag-2.1.0.tgz 0ms (cache hit)
416 http cache es-object-atoms@https://registry.npmjs.org/es-object-atoms/-/es-object-atoms-1.1.1.tgz 0ms (cache hit)
417 http cache es-define-property@https://registry.npmjs.org/es-define-property/-/es-define-property-1.0.1.tgz 0ms (cache hit)
418 http cache error-ex@https://registry.npmjs.org/error-ex/-/error-ex-1.3.4.tgz 0ms (cache hit)
419 http cache es-errors@https://registry.npmjs.org/es-errors/-/es-errors-1.3.0.tgz 0ms (cache hit)
420 http cache entities@https://registry.npmjs.org/entities/-/entities-6.0.1.tgz 0ms (cache hit)
421 http cache enhanced-resolve@https://registry.npmjs.org/enhanced-resolve/-/enhanced-resolve-5.18.3.tgz 0ms (cache hit)
422 http cache emoji-regex@https://registry.npmjs.org/emoji-regex/-/emoji-regex-8.0.0.tgz 0ms (cache hit)
423 http cache emittery@https://registry.npmjs.org/emittery/-/emittery-0.13.1.tgz 0ms (cache hit)
424 http cache embla-carousel-reactive-utils@https://registry.npmjs.org/embla-carousel-reactive-utils/-/embla-carousel-reactive-utils-8.5.1.tgz 0ms (cache hit)
425 http cache embla-carousel@https://registry.npmjs.org/embla-carousel/-/embla-carousel-8.5.1.tgz 0ms (cache hit)
426 http cache dom-helpers@https://registry.npmjs.org/dom-helpers/-/dom-helpers-5.2.1.tgz 0ms (cache hit)
427 http cache domexception@https://registry.npmjs.org/domexception/-/domexception-4.0.0.tgz 0ms (cache hit)
428 http cache diff-sequences@https://registry.npmjs.org/diff-sequences/-/diff-sequences-29.6.3.tgz 0ms (cache hit)
429 http cache electron-to-chromium@https://registry.npmjs.org/electron-to-chromium/-/electron-to-chromium-1.5.237.tgz 0ms (cache hit)
430 http cache dom-accessibility-api@https://registry.npmjs.org/dom-accessibility-api/-/dom-accessibility-api-0.5.16.tgz 0ms (cache hit)
431 http cache diff@https://registry.npmjs.org/diff/-/diff-4.0.2.tgz 0ms (cache hit)
432 http cache detect-newline@https://registry.npmjs.org/detect-newline/-/detect-newline-3.1.0.tgz 0ms (cache hit)
433 http cache detect-node-es@https://registry.npmjs.org/detect-node-es/-/detect-node-es-1.1.0.tgz 0ms (cache hit)
434 http cache detect-libc@https://registry.npmjs.org/detect-libc/-/detect-libc-2.1.2.tgz 0ms (cache hit)
435 http cache delayed-stream@https://registry.npmjs.org/delayed-stream/-/delayed-stream-1.0.0.tgz 0ms (cache hit)
436 http cache dequal@https://registry.npmjs.org/dequal/-/dequal-2.0.3.tgz 0ms (cache hit)
437 http cache dunder-proto@https://registry.npmjs.org/dunder-proto/-/dunder-proto-1.0.1.tgz 0ms (cache hit)
438 http cache decimal.js-light@https://registry.npmjs.org/decimal.js-light/-/decimal.js-light-2.5.1.tgz 0ms (cache hit)
439 http cache dedent@https://registry.npmjs.org/dedent/-/dedent-1.7.0.tgz 0ms (cache hit)
440 http cache decimal.js@https://registry.npmjs.org/decimal.js/-/decimal.js-10.6.0.tgz 0ms (cache hit)
441 http cache debug@https://registry.npmjs.org/debug/-/debug-4.4.3.tgz 0ms (cache hit)
442 http cache d3-timer@https://registry.npmjs.org/d3-timer/-/d3-timer-3.0.1.tgz 0ms (cache hit)
443 http cache date-fns-jalali@https://registry.npmjs.org/date-fns-jalali/-/date-fns-jalali-4.1.0-0.tgz 0ms (cache hit)
444 http cache data-urls@https://registry.npmjs.org/data-urls/-/data-urls-3.0.2.tgz 0ms (cache hit)
445 http cache d3-time-format@https://registry.npmjs.org/d3-time-format/-/d3-time-format-4.1.0.tgz 0ms (cache hit)
446 http cache d3-time@https://registry.npmjs.org/d3-time/-/d3-time-3.1.0.tgz 0ms (cache hit)
447 http cache d3-shape@https://registry.npmjs.org/d3-shape/-/d3-shape-3.2.0.tgz 0ms (cache hit)
448 http cache d3-scale@https://registry.npmjs.org/d3-scale/-/d3-scale-4.0.2.tgz 0ms (cache hit)
449 http cache d3-path@https://registry.npmjs.org/d3-path/-/d3-path-3.1.0.tgz 0ms (cache hit)
450 http cache d3-interpolate@https://registry.npmjs.org/d3-interpolate/-/d3-interpolate-3.0.1.tgz 0ms (cache hit)
451 http cache d3-format@https://registry.npmjs.org/d3-format/-/d3-format-3.1.0.tgz 0ms (cache hit)
452 http cache d3-ease@https://registry.npmjs.org/d3-ease/-/d3-ease-3.0.1.tgz 0ms (cache hit)
453 http cache d3-color@https://registry.npmjs.org/d3-color/-/d3-color-3.1.0.tgz 0ms (cache hit)
454 http cache deepmerge@https://registry.npmjs.org/deepmerge/-/deepmerge-4.3.1.tgz 0ms (cache hit)
455 http cache d3-array@https://registry.npmjs.org/d3-array/-/d3-array-3.2.4.tgz 0ms (cache hit)
456 http cache csstype@https://registry.npmjs.org/csstype/-/csstype-3.1.3.tgz 0ms (cache hit)
457 http cache cssom@https://registry.npmjs.org/cssom/-/cssom-0.5.0.tgz 0ms (cache hit)
458 http cache css.escape@https://registry.npmjs.org/css.escape/-/css.escape-1.5.1.tgz 0ms (cache hit)
459 http cache cssstyle@https://registry.npmjs.org/cssstyle/-/cssstyle-2.3.0.tgz 0ms (cache hit)
460 http cache cross-spawn@https://registry.npmjs.org/cross-spawn/-/cross-spawn-7.0.6.tgz 0ms (cache hit)
461 http cache create-require@https://registry.npmjs.org/create-require/-/create-require-1.1.1.tgz 0ms (cache hit)
462 http cache create-jest@https://registry.npmjs.org/create-jest/-/create-jest-29.7.0.tgz 0ms (cache hit)
463 http cache convert-source-map@https://registry.npmjs.org/convert-source-map/-/convert-source-map-2.0.0.tgz 0ms (cache hit)
464 http cache concat-map@https://registry.npmjs.org/concat-map/-/concat-map-0.0.1.tgz 0ms (cache hit)
465 http cache combined-stream@https://registry.npmjs.org/combined-stream/-/combined-stream-1.0.8.tgz 0ms (cache hit)
466 http cache color-name@https://registry.npmjs.org/color-name/-/color-name-1.1.4.tgz 0ms (cache hit)
467 http cache color-convert@https://registry.npmjs.org/color-convert/-/color-convert-2.0.1.tgz 0ms (cache hit)
468 http cache collect-v8-coverage@https://registry.npmjs.org/collect-v8-coverage/-/collect-v8-coverage-1.0.3.tgz 0ms (cache hit)
469 http cache co@https://registry.npmjs.org/co/-/co-4.6.0.tgz 0ms (cache hit)
470 http cache cliui@https://registry.npmjs.org/cliui/-/cliui-8.0.1.tgz 0ms (cache hit)
471 http cache client-only@https://registry.npmjs.org/client-only/-/client-only-0.0.1.tgz 0ms (cache hit)
472 http cache cjs-module-lexer@https://registry.npmjs.org/cjs-module-lexer/-/cjs-module-lexer-1.4.3.tgz 0ms (cache hit)
473 http cache ci-info@https://registry.npmjs.org/ci-info/-/ci-info-3.9.0.tgz 0ms (cache hit)
474 http cache chownr@https://registry.npmjs.org/chownr/-/chownr-3.0.0.tgz 0ms (cache hit)
475 http cache char-regex@https://registry.npmjs.org/char-regex/-/char-regex-1.0.2.tgz 0ms (cache hit)
476 http cache chalk@https://registry.npmjs.org/chalk/-/chalk-4.1.2.tgz 0ms (cache hit)
477 http cache caniuse-lite@https://registry.npmjs.org/caniuse-lite/-/caniuse-lite-1.0.30001751.tgz 0ms (cache hit)
478 http cache camelcase@https://registry.npmjs.org/camelcase/-/camelcase-5.3.1.tgz 0ms (cache hit)
479 http cache callsites@https://registry.npmjs.org/callsites/-/callsites-3.1.0.tgz 0ms (cache hit)
480 http cache call-bind-apply-helpers@https://registry.npmjs.org/call-bind-apply-helpers/-/call-bind-apply-helpers-1.0.2.tgz 0ms (cache hit)
481 http cache buffer-from@https://registry.npmjs.org/buffer-from/-/buffer-from-1.1.2.tgz 0ms (cache hit)
482 http cache bser@https://registry.npmjs.org/bser/-/bser-2.1.1.tgz 0ms (cache hit)
483 http cache bs-logger@https://registry.npmjs.org/bs-logger/-/bs-logger-0.2.6.tgz 0ms (cache hit)
484 http cache browserslist@https://registry.npmjs.org/browserslist/-/browserslist-4.26.3.tgz 0ms (cache hit)
485 http cache braces@https://registry.npmjs.org/braces/-/braces-3.0.3.tgz 0ms (cache hit)
486 http cache brace-expansion@https://registry.npmjs.org/brace-expansion/-/brace-expansion-1.1.12.tgz 0ms (cache hit)
487 http cache baseline-browser-mapping@https://registry.npmjs.org/baseline-browser-mapping/-/baseline-browser-mapping-2.8.18.tgz 0ms (cache hit)
488 http cache balanced-match@https://registry.npmjs.org/balanced-match/-/balanced-match-1.0.2.tgz 0ms (cache hit)
489 http cache babel-preset-jest@https://registry.npmjs.org/babel-preset-jest/-/babel-preset-jest-29.6.3.tgz 0ms (cache hit)
490 http cache babel-preset-current-node-syntax@https://registry.npmjs.org/babel-preset-current-node-syntax/-/babel-preset-current-node-syntax-1.2.0.tgz 0ms (cache hit)
491 http cache babel-plugin-jest-hoist@https://registry.npmjs.org/babel-plugin-jest-hoist/-/babel-plugin-jest-hoist-29.6.3.tgz 0ms (cache hit)
492 http cache babel-plugin-istanbul@https://registry.npmjs.org/babel-plugin-istanbul/-/babel-plugin-istanbul-6.1.1.tgz 0ms (cache hit)
493 http cache asynckit@https://registry.npmjs.org/asynckit/-/asynckit-0.4.0.tgz 0ms (cache hit)
494 http cache babel-jest@https://registry.npmjs.org/babel-jest/-/babel-jest-29.7.0.tgz 0ms (cache hit)
495 http cache aria-query@https://registry.npmjs.org/aria-query/-/aria-query-5.3.0.tgz 0ms (cache hit)
496 http cache aria-hidden@https://registry.npmjs.org/aria-hidden/-/aria-hidden-1.2.6.tgz 0ms (cache hit)
497 http cache argparse@https://registry.npmjs.org/argparse/-/argparse-1.0.10.tgz 0ms (cache hit)
498 http cache arg@https://registry.npmjs.org/arg/-/arg-4.1.3.tgz 0ms (cache hit)
499 http cache anymatch@https://registry.npmjs.org/anymatch/-/anymatch-3.1.3.tgz 0ms (cache hit)
500 http cache ansi-styles@https://registry.npmjs.org/ansi-styles/-/ansi-styles-4.3.0.tgz 0ms (cache hit)
501 http cache ansi-regex@https://registry.npmjs.org/ansi-regex/-/ansi-regex-5.0.1.tgz 0ms (cache hit)
502 http cache ansi-escapes@https://registry.npmjs.org/ansi-escapes/-/ansi-escapes-4.3.2.tgz 0ms (cache hit)
503 http cache acorn-walk@https://registry.npmjs.org/acorn-walk/-/acorn-walk-8.3.4.tgz 0ms (cache hit)
504 http cache acorn-globals@https://registry.npmjs.org/acorn-globals/-/acorn-globals-7.0.1.tgz 0ms (cache hit)
505 http cache acorn@https://registry.npmjs.org/acorn/-/acorn-8.15.0.tgz 0ms (cache hit)
506 http cache @types/yargs-parser@https://registry.npmjs.org/@types/yargs-parser/-/yargs-parser-21.0.3.tgz 0ms (cache hit)
507 http cache abab@https://registry.npmjs.org/abab/-/abab-2.0.6.tgz 0ms (cache hit)
508 http cache @types/yargs@https://registry.npmjs.org/@types/yargs/-/yargs-17.0.33.tgz 0ms (cache hit)
509 http cache @types/ws@https://registry.npmjs.org/@types/ws/-/ws-8.18.1.tgz 0ms (cache hit)
510 http cache @types/tough-cookie@https://registry.npmjs.org/@types/tough-cookie/-/tough-cookie-4.0.5.tgz 0ms (cache hit)
511 http cache @types/stack-utils@https://registry.npmjs.org/@types/stack-utils/-/stack-utils-2.0.3.tgz 0ms (cache hit)
512 http cache @types/phoenix@https://registry.npmjs.org/@types/phoenix/-/phoenix-1.6.6.tgz 0ms (cache hit)
513 http cache @types/jsdom@https://registry.npmjs.org/@types/jsdom/-/jsdom-20.0.1.tgz 0ms (cache hit)
514 http cache @types/istanbul-reports@https://registry.npmjs.org/@types/istanbul-reports/-/istanbul-reports-3.0.4.tgz 0ms (cache hit)
515 http cache @types/istanbul-lib-report@https://registry.npmjs.org/@types/istanbul-lib-report/-/istanbul-lib-report-3.0.3.tgz 0ms (cache hit)
516 http cache @types/istanbul-lib-coverage@https://registry.npmjs.org/@types/istanbul-lib-coverage/-/istanbul-lib-coverage-2.0.6.tgz 0ms (cache hit)
517 http cache @types/graceful-fs@https://registry.npmjs.org/@types/graceful-fs/-/graceful-fs-4.1.9.tgz 0ms (cache hit)
518 http cache @types/d3-timer@https://registry.npmjs.org/@types/d3-timer/-/d3-timer-3.0.2.tgz 0ms (cache hit)
519 http cache @types/d3-time@https://registry.npmjs.org/@types/d3-time/-/d3-time-3.0.4.tgz 0ms (cache hit)
520 http cache @types/d3-shape@https://registry.npmjs.org/@types/d3-shape/-/d3-shape-3.1.7.tgz 0ms (cache hit)
521 http cache @types/d3-scale@https://registry.npmjs.org/@types/d3-scale/-/d3-scale-4.0.9.tgz 0ms (cache hit)
522 http cache @types/d3-path@https://registry.npmjs.org/@types/d3-path/-/d3-path-3.1.1.tgz 0ms (cache hit)
523 http cache @types/d3-interpolate@https://registry.npmjs.org/@types/d3-interpolate/-/d3-interpolate-3.0.4.tgz 0ms (cache hit)
524 http cache @types/d3-ease@https://registry.npmjs.org/@types/d3-ease/-/d3-ease-3.0.2.tgz 0ms (cache hit)
525 http cache @types/d3-color@https://registry.npmjs.org/@types/d3-color/-/d3-color-3.1.3.tgz 0ms (cache hit)
526 http cache @types/d3-array@https://registry.npmjs.org/@types/d3-array/-/d3-array-3.2.2.tgz 0ms (cache hit)
527 http cache @types/babel__traverse@https://registry.npmjs.org/@types/babel__traverse/-/babel__traverse-7.28.0.tgz 0ms (cache hit)
528 http cache @types/babel__template@https://registry.npmjs.org/@types/babel__template/-/babel__template-7.4.4.tgz 0ms (cache hit)
529 http cache @types/babel__generator@https://registry.npmjs.org/@types/babel__generator/-/babel__generator-7.27.0.tgz 0ms (cache hit)
530 http cache @types/babel__core@https://registry.npmjs.org/@types/babel__core/-/babel__core-7.20.5.tgz 0ms (cache hit)
531 http cache @types/aria-query@https://registry.npmjs.org/@types/aria-query/-/aria-query-5.0.4.tgz 0ms (cache hit)
532 http cache @tsconfig/node16@https://registry.npmjs.org/@tsconfig/node16/-/node16-1.0.4.tgz 0ms (cache hit)
533 http cache @tsconfig/node14@https://registry.npmjs.org/@tsconfig/node14/-/node14-1.0.3.tgz 0ms (cache hit)
534 http cache @tsconfig/node12@https://registry.npmjs.org/@tsconfig/node12/-/node12-1.0.11.tgz 0ms (cache hit)
535 http cache @tsconfig/node10@https://registry.npmjs.org/@tsconfig/node10/-/node10-1.0.11.tgz 0ms (cache hit)
536 http cache @tootallnate/once@https://registry.npmjs.org/@tootallnate/once/-/once-2.0.0.tgz 0ms (cache hit)
537 http cache @testing-library/dom@https://registry.npmjs.org/@testing-library/dom/-/dom-10.4.1.tgz 0ms (cache hit)
538 http cache @tailwindcss/oxide-darwin-x64@https://registry.npmjs.org/@tailwindcss/oxide-darwin-x64/-/oxide-darwin-x64-4.1.14.tgz 0ms (cache hit)
539 http cache @tailwindcss/oxide@https://registry.npmjs.org/@tailwindcss/oxide/-/oxide-4.1.14.tgz 0ms (cache hit)
540 http cache @tailwindcss/node@https://registry.npmjs.org/@tailwindcss/node/-/node-4.1.14.tgz 0ms (cache hit)
541 http cache @swc/helpers@https://registry.npmjs.org/@swc/helpers/-/helpers-0.5.15.tgz 1ms (cache hit)
542 http cache @supabase/storage-js@https://registry.npmjs.org/@supabase/storage-js/-/storage-js-2.76.1.tgz 0ms (cache hit)
543 http cache @supabase/realtime-js@https://registry.npmjs.org/@supabase/realtime-js/-/realtime-js-2.76.1.tgz 0ms (cache hit)
544 http cache @supabase/postgrest-js@https://registry.npmjs.org/@supabase/postgrest-js/-/postgrest-js-2.76.1.tgz 0ms (cache hit)
545 http cache @supabase/node-fetch@https://registry.npmjs.org/@supabase/node-fetch/-/node-fetch-2.6.15.tgz 0ms (cache hit)
546 http cache @supabase/functions-js@https://registry.npmjs.org/@supabase/functions-js/-/functions-js-2.76.1.tgz 0ms (cache hit)
547 http cache @supabase/auth-js@https://registry.npmjs.org/@supabase/auth-js/-/auth-js-2.76.1.tgz 0ms (cache hit)
548 http cache @sinonjs/fake-timers@https://registry.npmjs.org/@sinonjs/fake-timers/-/fake-timers-10.3.0.tgz 0ms (cache hit)
549 http cache @sinonjs/commons@https://registry.npmjs.org/@sinonjs/commons/-/commons-3.0.1.tgz 0ms (cache hit)
550 http cache @sinclair/typebox@https://registry.npmjs.org/@sinclair/typebox/-/typebox-0.27.8.tgz 0ms (cache hit)
551 http cache @radix-ui/rect@https://registry.npmjs.org/@radix-ui/rect/-/rect-1.1.0.tgz 0ms (cache hit)
552 http cache @radix-ui/react-visually-hidden@https://registry.npmjs.org/@radix-ui/react-visually-hidden/-/react-visually-hidden-1.1.1.tgz 0ms (cache hit)
553 http cache @radix-ui/react-use-size@https://registry.npmjs.org/@radix-ui/react-use-size/-/react-use-size-1.1.0.tgz 0ms (cache hit)
554 http cache @radix-ui/react-use-rect@https://registry.npmjs.org/@radix-ui/react-use-rect/-/react-use-rect-1.1.0.tgz 0ms (cache hit)
555 http cache @radix-ui/react-use-previous@https://registry.npmjs.org/@radix-ui/react-use-previous/-/react-use-previous-1.1.0.tgz 0ms (cache hit)
556 http cache @radix-ui/react-use-layout-effect@https://registry.npmjs.org/@radix-ui/react-use-layout-effect/-/react-use-layout-effect-1.1.0.tgz 0ms (cache hit)
557 http cache @radix-ui/react-use-escape-keydown@https://registry.npmjs.org/@radix-ui/react-use-escape-keydown/-/react-use-escape-keydown-1.1.0.tgz 0ms (cache hit)
558 http cache @radix-ui/react-use-controllable-state@https://registry.npmjs.org/@radix-ui/react-use-controllable-state/-/react-use-controllable-state-1.1.0.tgz 0ms (cache hit)
559 http cache @radix-ui/react-use-callback-ref@https://registry.npmjs.org/@radix-ui/react-use-callback-ref/-/react-use-callback-ref-1.1.0.tgz 0ms (cache hit)
560 http cache @radix-ui/react-roving-focus@https://registry.npmjs.org/@radix-ui/react-roving-focus/-/react-roving-focus-1.1.1.tgz 0ms (cache hit)
561 http cache @radix-ui/react-primitive@https://registry.npmjs.org/@radix-ui/react-primitive/-/react-primitive-2.0.1.tgz 1ms (cache hit)
562 http cache @radix-ui/react-presence@https://registry.npmjs.org/@radix-ui/react-presence/-/react-presence-1.1.2.tgz 0ms (cache hit)
563 http cache @radix-ui/react-portal@https://registry.npmjs.org/@radix-ui/react-portal/-/react-portal-1.1.3.tgz 0ms (cache hit)
564 http cache @radix-ui/react-popper@https://registry.npmjs.org/@radix-ui/react-popper/-/react-popper-1.2.1.tgz 0ms (cache hit)
565 http cache @radix-ui/react-menu@https://registry.npmjs.org/@radix-ui/react-menu/-/react-menu-2.1.4.tgz 0ms (cache hit)
566 http cache @radix-ui/react-id@https://registry.npmjs.org/@radix-ui/react-id/-/react-id-1.1.0.tgz 0ms (cache hit)
567 http cache @radix-ui/react-focus-scope@https://registry.npmjs.org/@radix-ui/react-focus-scope/-/react-focus-scope-1.1.1.tgz 0ms (cache hit)
568 http cache @radix-ui/react-focus-guards@https://registry.npmjs.org/@radix-ui/react-focus-guards/-/react-focus-guards-1.1.1.tgz 0ms (cache hit)
569 http cache @radix-ui/react-dismissable-layer@https://registry.npmjs.org/@radix-ui/react-dismissable-layer/-/react-dismissable-layer-1.1.3.tgz 0ms (cache hit)
570 http cache @radix-ui/react-direction@https://registry.npmjs.org/@radix-ui/react-direction/-/react-direction-1.1.0.tgz 0ms (cache hit)
571 http cache @radix-ui/react-context@https://registry.npmjs.org/@radix-ui/react-context/-/react-context-1.1.1.tgz 0ms (cache hit)
572 http cache @radix-ui/react-compose-refs@https://registry.npmjs.org/@radix-ui/react-compose-refs/-/react-compose-refs-1.1.1.tgz 0ms (cache hit)
573 http cache @radix-ui/react-collection@https://registry.npmjs.org/@radix-ui/react-collection/-/react-collection-1.1.1.tgz 0ms (cache hit)
574 http cache @radix-ui/react-arrow@https://registry.npmjs.org/@radix-ui/react-arrow/-/react-arrow-1.1.1.tgz 0ms (cache hit)
575 http cache @radix-ui/primitive@https://registry.npmjs.org/@radix-ui/primitive/-/primitive-1.1.1.tgz 0ms (cache hit)
576 http cache @radix-ui/number@https://registry.npmjs.org/@radix-ui/number/-/number-1.1.0.tgz 0ms (cache hit)
577 http cache @next/swc-darwin-x64@https://registry.npmjs.org/@next/swc-darwin-x64/-/swc-darwin-x64-15.5.6.tgz 0ms (cache hit)
578 http cache @next/env@https://registry.npmjs.org/@next/env/-/env-15.5.6.tgz 0ms (cache hit)
579 http cache @jridgewell/trace-mapping@https://registry.npmjs.org/@jridgewell/trace-mapping/-/trace-mapping-0.3.31.tgz 0ms (cache hit)
580 http cache @jridgewell/sourcemap-codec@https://registry.npmjs.org/@jridgewell/sourcemap-codec/-/sourcemap-codec-1.5.5.tgz 0ms (cache hit)
581 http cache @jridgewell/resolve-uri@https://registry.npmjs.org/@jridgewell/resolve-uri/-/resolve-uri-3.1.2.tgz 0ms (cache hit)
582 http cache @jridgewell/remapping@https://registry.npmjs.org/@jridgewell/remapping/-/remapping-2.3.5.tgz 0ms (cache hit)
583 http cache @jridgewell/gen-mapping@https://registry.npmjs.org/@jridgewell/gen-mapping/-/gen-mapping-0.3.13.tgz 0ms (cache hit)
584 http cache @jest/types@https://registry.npmjs.org/@jest/types/-/types-29.6.3.tgz 1ms (cache hit)
585 http cache @jest/test-sequencer@https://registry.npmjs.org/@jest/test-sequencer/-/test-sequencer-29.7.0.tgz 0ms (cache hit)
586 http cache @jest/transform@https://registry.npmjs.org/@jest/transform/-/transform-29.7.0.tgz 0ms (cache hit)
587 http cache @jest/test-result@https://registry.npmjs.org/@jest/test-result/-/test-result-29.7.0.tgz 0ms (cache hit)
588 http cache @jest/source-map@https://registry.npmjs.org/@jest/source-map/-/source-map-29.6.3.tgz 0ms (cache hit)
589 http cache @jest/schemas@https://registry.npmjs.org/@jest/schemas/-/schemas-29.6.3.tgz 0ms (cache hit)
590 http cache @jest/reporters@https://registry.npmjs.org/@jest/reporters/-/reporters-29.7.0.tgz 0ms (cache hit)
591 http cache @jest/fake-timers@https://registry.npmjs.org/@jest/fake-timers/-/fake-timers-29.7.0.tgz 0ms (cache hit)
592 http cache @jest/globals@https://registry.npmjs.org/@jest/globals/-/globals-29.7.0.tgz 0ms (cache hit)
593 http cache @jest/expect-utils@https://registry.npmjs.org/@jest/expect-utils/-/expect-utils-29.7.0.tgz 0ms (cache hit)
594 http cache @jest/expect@https://registry.npmjs.org/@jest/expect/-/expect-29.7.0.tgz 0ms (cache hit)
595 http cache @jest/environment@https://registry.npmjs.org/@jest/environment/-/environment-29.7.0.tgz 0ms (cache hit)
596 http cache @jest/core@https://registry.npmjs.org/@jest/core/-/core-29.7.0.tgz 1ms (cache hit)
597 http cache @jest/console@https://registry.npmjs.org/@jest/console/-/console-29.7.0.tgz 0ms (cache hit)
598 http cache @istanbuljs/schema@https://registry.npmjs.org/@istanbuljs/schema/-/schema-0.1.3.tgz 0ms (cache hit)
599 http cache @istanbuljs/load-nyc-config@https://registry.npmjs.org/@istanbuljs/load-nyc-config/-/load-nyc-config-1.1.0.tgz 0ms (cache hit)
600 http cache @isaacs/fs-minipass@https://registry.npmjs.org/@isaacs/fs-minipass/-/fs-minipass-4.0.1.tgz 0ms (cache hit)
601 http cache @img/sharp-libvips-darwin-x64@https://registry.npmjs.org/@img/sharp-libvips-darwin-x64/-/sharp-libvips-darwin-x64-1.2.3.tgz 0ms (cache hit)
602 http cache @img/sharp-darwin-x64@https://registry.npmjs.org/@img/sharp-darwin-x64/-/sharp-darwin-x64-0.34.4.tgz 0ms (cache hit)
603 http cache @img/colour@https://registry.npmjs.org/@img/colour/-/colour-1.0.0.tgz 0ms (cache hit)
604 http cache @floating-ui/utils@https://registry.npmjs.org/@floating-ui/utils/-/utils-0.2.10.tgz 0ms (cache hit)
605 http cache @floating-ui/react-dom@https://registry.npmjs.org/@floating-ui/react-dom/-/react-dom-2.1.6.tgz 0ms (cache hit)
606 http cache @floating-ui/dom@https://registry.npmjs.org/@floating-ui/dom/-/dom-1.7.4.tgz 0ms (cache hit)
607 http cache @floating-ui/core@https://registry.npmjs.org/@floating-ui/core/-/core-1.7.3.tgz 0ms (cache hit)
608 http cache @emnapi/runtime@https://registry.npmjs.org/@emnapi/runtime/-/runtime-1.5.0.tgz 0ms (cache hit)
609 http cache @date-fns/tz@https://registry.npmjs.org/@date-fns/tz/-/tz-1.2.0.tgz 0ms (cache hit)
610 http cache @cspotcode/source-map-support@https://registry.npmjs.org/@cspotcode/source-map-support/-/source-map-support-0.8.1.tgz 0ms (cache hit)
611 http cache @bcoe/v8-coverage@https://registry.npmjs.org/@bcoe/v8-coverage/-/v8-coverage-0.2.3.tgz 0ms (cache hit)
612 http cache @babel/types@https://registry.npmjs.org/@babel/types/-/types-7.28.4.tgz 0ms (cache hit)
613 http cache @babel/traverse@https://registry.npmjs.org/@babel/traverse/-/traverse-7.28.4.tgz 0ms (cache hit)
614 http cache @babel/template@https://registry.npmjs.org/@babel/template/-/template-7.27.2.tgz 0ms (cache hit)
615 http cache @babel/runtime@https://registry.npmjs.org/@babel/runtime/-/runtime-7.28.4.tgz 0ms (cache hit)
616 http cache @babel/plugin-syntax-typescript@https://registry.npmjs.org/@babel/plugin-syntax-typescript/-/plugin-syntax-typescript-7.27.1.tgz 0ms (cache hit)
617 http cache @babel/plugin-syntax-top-level-await@https://registry.npmjs.org/@babel/plugin-syntax-top-level-await/-/plugin-syntax-top-level-await-7.14.5.tgz 0ms (cache hit)
618 http cache @babel/plugin-syntax-private-property-in-object@https://registry.npmjs.org/@babel/plugin-syntax-private-property-in-object/-/plugin-syntax-private-property-in-object-7.14.5.tgz 0ms (cache hit)
619 http cache @babel/plugin-syntax-optional-chaining@https://registry.npmjs.org/@babel/plugin-syntax-optional-chaining/-/plugin-syntax-optional-chaining-7.8.3.tgz 0ms (cache hit)
620 http cache @babel/plugin-syntax-optional-catch-binding@https://registry.npmjs.org/@babel/plugin-syntax-optional-catch-binding/-/plugin-syntax-optional-catch-binding-7.8.3.tgz 0ms (cache hit)
621 http cache @babel/plugin-syntax-object-rest-spread@https://registry.npmjs.org/@babel/plugin-syntax-object-rest-spread/-/plugin-syntax-object-rest-spread-7.8.3.tgz 0ms (cache hit)
622 http cache @babel/plugin-syntax-numeric-separator@https://registry.npmjs.org/@babel/plugin-syntax-numeric-separator/-/plugin-syntax-numeric-separator-7.10.4.tgz 0ms (cache hit)
623 http cache @babel/plugin-syntax-nullish-coalescing-operator@https://registry.npmjs.org/@babel/plugin-syntax-nullish-coalescing-operator/-/plugin-syntax-nullish-coalescing-operator-7.8.3.tgz 0ms (cache hit)
624 http cache @babel/plugin-syntax-logical-assignment-operators@https://registry.npmjs.org/@babel/plugin-syntax-logical-assignment-operators/-/plugin-syntax-logical-assignment-operators-7.10.4.tgz 0ms (cache hit)
625 http cache @babel/plugin-syntax-jsx@https://registry.npmjs.org/@babel/plugin-syntax-jsx/-/plugin-syntax-jsx-7.27.1.tgz 0ms (cache hit)
626 http cache @babel/plugin-syntax-import-meta@https://registry.npmjs.org/@babel/plugin-syntax-import-meta/-/plugin-syntax-import-meta-7.10.4.tgz 0ms (cache hit)
627 http cache @babel/plugin-syntax-json-strings@https://registry.npmjs.org/@babel/plugin-syntax-json-strings/-/plugin-syntax-json-strings-7.8.3.tgz 0ms (cache hit)
628 http cache @babel/plugin-syntax-import-attributes@https://registry.npmjs.org/@babel/plugin-syntax-import-attributes/-/plugin-syntax-import-attributes-7.27.1.tgz 0ms (cache hit)
629 http cache @babel/plugin-syntax-class-static-block@https://registry.npmjs.org/@babel/plugin-syntax-class-static-block/-/plugin-syntax-class-static-block-7.14.5.tgz 0ms (cache hit)
630 http cache @babel/plugin-syntax-class-properties@https://registry.npmjs.org/@babel/plugin-syntax-class-properties/-/plugin-syntax-class-properties-7.12.13.tgz 0ms (cache hit)
631 http cache @babel/plugin-syntax-bigint@https://registry.npmjs.org/@babel/plugin-syntax-bigint/-/plugin-syntax-bigint-7.8.3.tgz 0ms (cache hit)
632 http cache @babel/plugin-syntax-async-generators@https://registry.npmjs.org/@babel/plugin-syntax-async-generators/-/plugin-syntax-async-generators-7.8.4.tgz 0ms (cache hit)
633 http cache @babel/parser@https://registry.npmjs.org/@babel/parser/-/parser-7.28.4.tgz 0ms (cache hit)
634 http cache @babel/helpers@https://registry.npmjs.org/@babel/helpers/-/helpers-7.28.4.tgz 0ms (cache hit)
635 http cache @babel/helper-validator-option@https://registry.npmjs.org/@babel/helper-validator-option/-/helper-validator-option-7.27.1.tgz 0ms (cache hit)
636 http cache @babel/helper-validator-identifier@https://registry.npmjs.org/@babel/helper-validator-identifier/-/helper-validator-identifier-7.27.1.tgz 0ms (cache hit)
637 http cache @babel/helper-string-parser@https://registry.npmjs.org/@babel/helper-string-parser/-/helper-string-parser-7.27.1.tgz 0ms (cache hit)
638 http cache @babel/helper-plugin-utils@https://registry.npmjs.org/@babel/helper-plugin-utils/-/helper-plugin-utils-7.27.1.tgz 0ms (cache hit)
639 http cache @babel/helper-module-imports@https://registry.npmjs.org/@babel/helper-module-imports/-/helper-module-imports-7.27.1.tgz 0ms (cache hit)
640 http cache @babel/helper-module-transforms@https://registry.npmjs.org/@babel/helper-module-transforms/-/helper-module-transforms-7.28.3.tgz 0ms (cache hit)
641 http cache @babel/helper-globals@https://registry.npmjs.org/@babel/helper-globals/-/helper-globals-7.28.0.tgz 0ms (cache hit)
642 http cache @babel/helper-compilation-targets@https://registry.npmjs.org/@babel/helper-compilation-targets/-/helper-compilation-targets-7.27.2.tgz 0ms (cache hit)
643 http cache @babel/generator@https://registry.npmjs.org/@babel/generator/-/generator-7.28.3.tgz 0ms (cache hit)
644 http cache @babel/core@https://registry.npmjs.org/@babel/core/-/core-7.28.4.tgz 0ms (cache hit)
645 http cache @babel/compat-data@https://registry.npmjs.org/@babel/compat-data/-/compat-data-7.28.4.tgz 0ms (cache hit)
646 http cache @babel/code-frame@https://registry.npmjs.org/@babel/code-frame/-/code-frame-7.27.1.tgz 0ms (cache hit)
647 http cache @alloc/quick-lru@https://registry.npmjs.org/@alloc/quick-lru/-/quick-lru-5.2.0.tgz 0ms (cache hit)
648 http cache @adobe/css-tools@https://registry.npmjs.org/@adobe/css-tools/-/css-tools-4.4.4.tgz 0ms (cache hit)
649 http cache @types/react-dom@https://registry.npmjs.org/@types/react-dom/-/react-dom-19.2.2.tgz 0ms (cache hit)
650 http cache @types/react@https://registry.npmjs.org/@types/react/-/react-19.2.2.tgz 0ms (cache hit)
651 http cache @types/jest@https://registry.npmjs.org/@types/jest/-/jest-29.5.14.tgz 0ms (cache hit)
652 http cache @vercel/analytics@https://registry.npmjs.org/@vercel/analytics/-/analytics-1.3.1.tgz 0ms (cache hit)
653 http cache @testing-library/react@https://registry.npmjs.org/@testing-library/react/-/react-16.3.0.tgz 0ms (cache hit)
654 http cache @testing-library/user-event@https://registry.npmjs.org/@testing-library/user-event/-/user-event-14.6.1.tgz 0ms (cache hit)
655 http cache @radix-ui/react-hover-card@https://registry.npmjs.org/@radix-ui/react-hover-card/-/react-hover-card-1.1.4.tgz 0ms (cache hit)
656 http cache @testing-library/jest-dom@https://registry.npmjs.org/@testing-library/jest-dom/-/jest-dom-6.9.1.tgz 0ms (cache hit)
657 http cache @types/node@https://registry.npmjs.org/@types/node/-/node-22.18.11.tgz 0ms (cache hit)
658 http cache @radix-ui/react-toggle-group@https://registry.npmjs.org/@radix-ui/react-toggle-group/-/react-toggle-group-1.1.1.tgz 0ms (cache hit)
659 http cache @supabase/supabase-js@https://registry.npmjs.org/@supabase/supabase-js/-/supabase-js-2.76.1.tgz 0ms (cache hit)
660 http cache @radix-ui/react-tabs@https://registry.npmjs.org/@radix-ui/react-tabs/-/react-tabs-1.1.2.tgz 0ms (cache hit)
661 http cache @radix-ui/react-toggle@https://registry.npmjs.org/@radix-ui/react-toggle/-/react-toggle-1.1.1.tgz 0ms (cache hit)
662 http cache @tailwindcss/postcss@https://registry.npmjs.org/@tailwindcss/postcss/-/postcss-4.1.14.tgz 0ms (cache hit)
663 http cache @radix-ui/react-tooltip@https://registry.npmjs.org/@radix-ui/react-tooltip/-/react-tooltip-1.1.6.tgz 0ms (cache hit)
664 http cache @radix-ui/react-toast@https://registry.npmjs.org/@radix-ui/react-toast/-/react-toast-1.2.4.tgz 0ms (cache hit)
665 http cache @radix-ui/react-switch@https://registry.npmjs.org/@radix-ui/react-switch/-/react-switch-1.1.2.tgz 0ms (cache hit)
666 http cache @radix-ui/react-progress@https://registry.npmjs.org/@radix-ui/react-progress/-/react-progress-1.1.1.tgz 0ms (cache hit)
667 http cache @radix-ui/react-slider@https://registry.npmjs.org/@radix-ui/react-slider/-/react-slider-1.2.2.tgz 0ms (cache hit)
668 http cache @radix-ui/react-separator@https://registry.npmjs.org/@radix-ui/react-separator/-/react-separator-1.1.1.tgz 0ms (cache hit)
669 http cache @radix-ui/react-slot@https://registry.npmjs.org/@radix-ui/react-slot/-/react-slot-1.1.1.tgz 0ms (cache hit)
670 http cache @radix-ui/react-navigation-menu@https://registry.npmjs.org/@radix-ui/react-navigation-menu/-/react-navigation-menu-1.2.3.tgz 0ms (cache hit)
671 http cache @radix-ui/react-scroll-area@https://registry.npmjs.org/@radix-ui/react-scroll-area/-/react-scroll-area-1.2.2.tgz 0ms (cache hit)
672 http cache @radix-ui/react-select@https://registry.npmjs.org/@radix-ui/react-select/-/react-select-2.1.4.tgz 0ms (cache hit)
673 http cache @radix-ui/react-radio-group@https://registry.npmjs.org/@radix-ui/react-radio-group/-/react-radio-group-1.2.2.tgz 0ms (cache hit)
674 http cache @radix-ui/react-popover@https://registry.npmjs.org/@radix-ui/react-popover/-/react-popover-1.1.4.tgz 0ms (cache hit)
675 http cache @radix-ui/react-menubar@https://registry.npmjs.org/@radix-ui/react-menubar/-/react-menubar-1.1.4.tgz 0ms (cache hit)
676 http cache @radix-ui/react-dropdown-menu@https://registry.npmjs.org/@radix-ui/react-dropdown-menu/-/react-dropdown-menu-2.1.4.tgz 0ms (cache hit)
677 http cache @radix-ui/react-context-menu@https://registry.npmjs.org/@radix-ui/react-context-menu/-/react-context-menu-2.2.4.tgz 0ms (cache hit)
678 http cache @radix-ui/react-accordion@https://registry.npmjs.org/@radix-ui/react-accordion/-/react-accordion-1.2.2.tgz 0ms (cache hit)
679 http cache @radix-ui/react-collapsible@https://registry.npmjs.org/@radix-ui/react-collapsible/-/react-collapsible-1.1.2.tgz 0ms (cache hit)
680 http cache @radix-ui/react-label@https://registry.npmjs.org/@radix-ui/react-label/-/react-label-2.1.1.tgz 0ms (cache hit)
681 http cache @radix-ui/react-aspect-ratio@https://registry.npmjs.org/@radix-ui/react-aspect-ratio/-/react-aspect-ratio-1.1.1.tgz 0ms (cache hit)
682 http cache @radix-ui/react-dialog@https://registry.npmjs.org/@radix-ui/react-dialog/-/react-dialog-1.1.4.tgz 0ms (cache hit)
683 http cache @hookform/resolvers@https://registry.npmjs.org/@hookform/resolvers/-/resolvers-3.10.0.tgz 0ms (cache hit)
684 http cache @radix-ui/react-checkbox@https://registry.npmjs.org/@radix-ui/react-checkbox/-/react-checkbox-1.1.3.tgz 0ms (cache hit)
685 http cache ts-jest@https://registry.npmjs.org/ts-jest/-/ts-jest-29.4.5.tgz 0ms (cache hit)
686 http cache @radix-ui/react-avatar@https://registry.npmjs.org/@radix-ui/react-avatar/-/react-avatar-1.1.2.tgz 0ms (cache hit)
687 http cache ts-node@https://registry.npmjs.org/ts-node/-/ts-node-10.9.2.tgz 0ms (cache hit)
688 http cache @radix-ui/react-alert-dialog@https://registry.npmjs.org/@radix-ui/react-alert-dialog/-/react-alert-dialog-1.1.4.tgz 0ms (cache hit)
689 http cache vaul@https://registry.npmjs.org/vaul/-/vaul-1.1.2.tgz 1ms (cache hit)
690 http cache tailwindcss-animate@https://registry.npmjs.org/tailwindcss-animate/-/tailwindcss-animate-1.0.7.tgz 0ms (cache hit)
691 http cache zod@https://registry.npmjs.org/zod/-/zod-3.25.76.tgz 0ms (cache hit)
692 http cache tw-animate-css@https://registry.npmjs.org/tw-animate-css/-/tw-animate-css-1.3.3.tgz 0ms (cache hit)
693 http cache cmdk@https://registry.npmjs.org/cmdk/-/cmdk-1.0.4.tgz 0ms (cache hit)
694 http cache typescript@https://registry.npmjs.org/typescript/-/typescript-5.9.3.tgz 0ms (cache hit)
695 http cache react-hook-form@https://registry.npmjs.org/react-hook-form/-/react-hook-form-7.65.0.tgz 0ms (cache hit)
696 http cache sonner@https://registry.npmjs.org/sonner/-/sonner-1.7.4.tgz 0ms (cache hit)
697 http cache react-day-picker@https://registry.npmjs.org/react-day-picker/-/react-day-picker-9.8.0.tgz 0ms (cache hit)
698 http cache recharts@https://registry.npmjs.org/recharts/-/recharts-2.15.4.tgz 0ms (cache hit)
699 http cache tailwindcss@https://registry.npmjs.org/tailwindcss/-/tailwindcss-4.1.14.tgz 0ms (cache hit)
700 http cache tailwind-merge@https://registry.npmjs.org/tailwind-merge/-/tailwind-merge-2.6.0.tgz 0ms (cache hit)
701 http cache date-fns@https://registry.npmjs.org/date-fns/-/date-fns-3.6.0.tgz 0ms (cache hit)
702 http cache react-resizable-panels@https://registry.npmjs.org/react-resizable-panels/-/react-resizable-panels-2.1.9.tgz 0ms (cache hit)
703 http cache react-dom@https://registry.npmjs.org/react-dom/-/react-dom-19.2.0.tgz 0ms (cache hit)
704 http cache jest-environment-jsdom@https://registry.npmjs.org/jest-environment-jsdom/-/jest-environment-jsdom-29.7.0.tgz 0ms (cache hit)
705 http cache react@https://registry.npmjs.org/react/-/react-19.2.0.tgz 0ms (cache hit)
706 http cache next-themes@https://registry.npmjs.org/next-themes/-/next-themes-0.4.6.tgz 0ms (cache hit)
707 http cache postcss@https://registry.npmjs.org/postcss/-/postcss-8.5.6.tgz 0ms (cache hit)
708 http cache jest@https://registry.npmjs.org/jest/-/jest-29.7.0.tgz 0ms (cache hit)
709 http cache lucide-react@https://registry.npmjs.org/lucide-react/-/lucide-react-0.454.0.tgz 0ms (cache hit)
710 http cache framer-motion@https://registry.npmjs.org/framer-motion/-/framer-motion-12.23.24.tgz 0ms (cache hit)
711 http cache autoprefixer@https://registry.npmjs.org/autoprefixer/-/autoprefixer-10.4.21.tgz 0ms (cache hit)
712 http cache next@https://registry.npmjs.org/next/-/next-15.5.6.tgz 0ms (cache hit)
713 http cache input-otp@https://registry.npmjs.org/input-otp/-/input-otp-1.4.1.tgz 0ms (cache hit)
714 http cache embla-carousel-react@https://registry.npmjs.org/embla-carousel-react/-/embla-carousel-react-8.5.1.tgz 0ms (cache hit)
715 http cache clsx@https://registry.npmjs.org/clsx/-/clsx-2.1.1.tgz 0ms (cache hit)
716 http cache class-variance-authority@https://registry.npmjs.org/class-variance-authority/-/class-variance-authority-0.7.1.tgz 0ms (cache hit)
717 http cache webidl-conversions@https://registry.npmjs.org/webidl-conversions/-/webidl-conversions-3.0.1.tgz 0ms (cache hit)
718 http cache react-is@https://registry.npmjs.org/react-is/-/react-is-16.13.1.tgz 0ms (cache hit)
719 http cache react-is@https://registry.npmjs.org/react-is/-/react-is-17.0.2.tgz 0ms (cache hit)
720 http cache ansi-styles@https://registry.npmjs.org/ansi-styles/-/ansi-styles-5.2.0.tgz 0ms (cache hit)
721 http cache p-limit@https://registry.npmjs.org/p-limit/-/p-limit-2.3.0.tgz 0ms (cache hit)
722 http cache yallist@https://registry.npmjs.org/yallist/-/yallist-3.1.1.tgz 0ms (cache hit)
723 http cache whatwg-url@https://registry.npmjs.org/whatwg-url/-/whatwg-url-11.0.0.tgz 0ms (cache hit)
724 http cache supports-color@https://registry.npmjs.org/supports-color/-/supports-color-8.1.1.tgz 0ms (cache hit)
725 http cache tr46@https://registry.npmjs.org/tr46/-/tr46-3.0.0.tgz 0ms (cache hit)
726 http cache pretty-format@https://registry.npmjs.org/pretty-format/-/pretty-format-29.7.0.tgz 0ms (cache hit)
727 http cache camelcase@https://registry.npmjs.org/camelcase/-/camelcase-6.3.0.tgz 0ms (cache hit)
728 http cache ansi-styles@https://registry.npmjs.org/ansi-styles/-/ansi-styles-5.2.0.tgz 0ms (cache hit)
729 http cache ansi-styles@https://registry.npmjs.org/ansi-styles/-/ansi-styles-5.2.0.tgz 0ms (cache hit)
730 http cache pretty-format@https://registry.npmjs.org/pretty-format/-/pretty-format-29.7.0.tgz 0ms (cache hit)
731 http cache pretty-format@https://registry.npmjs.org/pretty-format/-/pretty-format-29.7.0.tgz 0ms (cache hit)
732 http cache pretty-format@https://registry.npmjs.org/pretty-format/-/pretty-format-29.7.0.tgz 0ms (cache hit)
733 http cache ansi-styles@https://registry.npmjs.org/ansi-styles/-/ansi-styles-5.2.0.tgz 0ms (cache hit)
734 http cache pretty-format@https://registry.npmjs.org/pretty-format/-/pretty-format-29.7.0.tgz 0ms (cache hit)
735 http cache ansi-styles@https://registry.npmjs.org/ansi-styles/-/ansi-styles-5.2.0.tgz 0ms (cache hit)
736 http cache ansi-styles@https://registry.npmjs.org/ansi-styles/-/ansi-styles-5.2.0.tgz 0ms (cache hit)
737 http cache pretty-format@https://registry.npmjs.org/pretty-format/-/pretty-format-29.7.0.tgz 0ms (cache hit)
738 http cache ansi-styles@https://registry.npmjs.org/ansi-styles/-/ansi-styles-5.2.0.tgz 0ms (cache hit)
739 http cache pretty-format@https://registry.npmjs.org/pretty-format/-/pretty-format-29.7.0.tgz 0ms (cache hit)
740 http cache ansi-styles@https://registry.npmjs.org/ansi-styles/-/ansi-styles-5.2.0.tgz 0ms (cache hit)
741 http cache ansi-styles@https://registry.npmjs.org/ansi-styles/-/ansi-styles-5.2.0.tgz 0ms (cache hit)
742 http cache jest-config@https://registry.npmjs.org/jest-config/-/jest-config-29.7.0.tgz 0ms (cache hit)
743 http cache pretty-format@https://registry.npmjs.org/pretty-format/-/pretty-format-29.7.0.tgz 0ms (cache hit)
744 http cache pretty-format@https://registry.npmjs.org/pretty-format/-/pretty-format-29.7.0.tgz 0ms (cache hit)
745 http cache ansi-styles@https://registry.npmjs.org/ansi-styles/-/ansi-styles-5.2.0.tgz 0ms (cache hit)
746 http cache is-arrayish@https://registry.npmjs.org/is-arrayish/-/is-arrayish-0.2.1.tgz 0ms (cache hit)
747 http cache whatwg-url@https://registry.npmjs.org/whatwg-url/-/whatwg-url-11.0.0.tgz 0ms (cache hit)
748 http cache cssom@https://registry.npmjs.org/cssom/-/cssom-0.3.8.tgz 0ms (cache hit)
749 http cache pretty-format@https://registry.npmjs.org/pretty-format/-/pretty-format-29.7.0.tgz 0ms (cache hit)
750 http cache ansi-styles@https://registry.npmjs.org/ansi-styles/-/ansi-styles-5.2.0.tgz 0ms (cache hit)
751 http cache jest-config@https://registry.npmjs.org/jest-config/-/jest-config-29.7.0.tgz 0ms (cache hit)
752 http cache tr46@https://registry.npmjs.org/tr46/-/tr46-3.0.0.tgz 0ms (cache hit)
753 http cache semver@https://registry.npmjs.org/semver/-/semver-6.3.1.tgz 0ms (cache hit)
754 http cache istanbul-lib-instrument@https://registry.npmjs.org/istanbul-lib-instrument/-/istanbul-lib-instrument-5.2.1.tgz 0ms (cache hit)
755 http cache pretty-format@https://registry.npmjs.org/pretty-format/-/pretty-format-29.7.0.tgz 0ms (cache hit)
756 http cache ansi-styles@https://registry.npmjs.org/ansi-styles/-/ansi-styles-5.2.0.tgz 0ms (cache hit)
757 http cache jest-config@https://registry.npmjs.org/jest-config/-/jest-config-29.7.0.tgz 0ms (cache hit)
758 http cache semver@https://registry.npmjs.org/semver/-/semver-6.3.1.tgz 0ms (cache hit)
759 http cache @jridgewell/trace-mapping@https://registry.npmjs.org/@jridgewell/trace-mapping/-/trace-mapping-0.3.9.tgz 0ms (cache hit)
760 http cache semver@https://registry.npmjs.org/semver/-/semver-6.3.1.tgz 0ms (cache hit)
761 http cache pretty-format@https://registry.npmjs.org/pretty-format/-/pretty-format-29.7.0.tgz 0ms (cache hit)
762 http cache ansi-styles@https://registry.npmjs.org/ansi-styles/-/ansi-styles-5.2.0.tgz 0ms (cache hit)
763 http cache dom-accessibility-api@https://registry.npmjs.org/dom-accessibility-api/-/dom-accessibility-api-0.6.3.tgz 0ms (cache hit)
764 http cache type-fest@https://registry.npmjs.org/type-fest/-/type-fest-4.41.0.tgz 0ms (cache hit)
765 http cache date-fns@https://registry.npmjs.org/date-fns/-/date-fns-4.1.0.tgz 0ms (cache hit)
766 http cache postcss@https://registry.npmjs.org/postcss/-/postcss-8.4.31.tgz 0ms (cache hit)
767 http cache agent-base@https://registry.npmjs.org/agent-base/-/agent-base-6.0.2.tgz 0ms (cache hit)
768 silly tarball no local data for yn@https://registry.npmjs.org/yn/-/yn-3.1.1.tgz. Extracting by manifest.
769 silly tarball no local data for yocto-queue@https://registry.npmjs.org/yocto-queue/-/yocto-queue-0.1.0.tgz. Extracting by manifest.
770 silly tarball no local data for yargs-parser@https://registry.npmjs.org/yargs-parser/-/yargs-parser-21.1.1.tgz. Extracting by manifest.
771 silly tarball no local data for yargs@https://registry.npmjs.org/yargs/-/yargs-17.7.2.tgz. Extracting by manifest.
772 silly tarball no local data for yallist@https://registry.npmjs.org/yallist/-/yallist-5.0.0.tgz. Extracting by manifest.
773 silly tarball no local data for y18n@https://registry.npmjs.org/y18n/-/y18n-5.0.8.tgz. Extracting by manifest.
774 silly tarball no local data for xmlchars@https://registry.npmjs.org/xmlchars/-/xmlchars-2.2.0.tgz. Extracting by manifest.
775 silly tarball no local data for xml-name-validator@https://registry.npmjs.org/xml-name-validator/-/xml-name-validator-4.0.0.tgz. Extracting by manifest.
776 silly tarball no local data for ws@https://registry.npmjs.org/ws/-/ws-8.18.3.tgz. Extracting by manifest.
777 silly tarball no local data for write-file-atomic@https://registry.npmjs.org/write-file-atomic/-/write-file-atomic-4.0.2.tgz. Extracting by manifest.
778 silly tarball no local data for wrappy@https://registry.npmjs.org/wrappy/-/wrappy-1.0.2.tgz. Extracting by manifest.
779 silly tarball no local data for wrap-ansi@https://registry.npmjs.org/wrap-ansi/-/wrap-ansi-7.0.0.tgz. Extracting by manifest.
780 silly tarball no local data for wordwrap@https://registry.npmjs.org/wordwrap/-/wordwrap-1.0.0.tgz. Extracting by manifest.
781 silly tarball no local data for which@https://registry.npmjs.org/which/-/which-2.0.2.tgz. Extracting by manifest.
782 silly tarball no local data for whatwg-mimetype@https://registry.npmjs.org/whatwg-mimetype/-/whatwg-mimetype-3.0.0.tgz. Extracting by manifest.
783 silly tarball no local data for whatwg-url@https://registry.npmjs.org/whatwg-url/-/whatwg-url-5.0.0.tgz. Extracting by manifest.
784 silly tarball no local data for whatwg-encoding@https://registry.npmjs.org/whatwg-encoding/-/whatwg-encoding-2.0.0.tgz. Extracting by manifest.
785 silly tarball no local data for webidl-conversions@https://registry.npmjs.org/webidl-conversions/-/webidl-conversions-7.0.0.tgz. Extracting by manifest.
786 silly tarball no local data for walker@https://registry.npmjs.org/walker/-/walker-1.0.8.tgz. Extracting by manifest.
787 silly tarball no local data for w3c-xmlserializer@https://registry.npmjs.org/w3c-xmlserializer/-/w3c-xmlserializer-4.0.0.tgz. Extracting by manifest.
788 silly tarball no local data for victory-vendor@https://registry.npmjs.org/victory-vendor/-/victory-vendor-36.9.2.tgz. Extracting by manifest.
789 silly tarball no local data for v8-to-istanbul@https://registry.npmjs.org/v8-to-istanbul/-/v8-to-istanbul-9.3.0.tgz. Extracting by manifest.
790 silly tarball no local data for v8-compile-cache-lib@https://registry.npmjs.org/v8-compile-cache-lib/-/v8-compile-cache-lib-3.0.1.tgz. Extracting by manifest.
791 silly tarball no local data for use-sync-external-store@https://registry.npmjs.org/use-sync-external-store/-/use-sync-external-store-1.6.0.tgz. Extracting by manifest.
792 silly tarball no local data for use-sidecar@https://registry.npmjs.org/use-sidecar/-/use-sidecar-1.1.3.tgz. Extracting by manifest.
793 silly tarball no local data for use-callback-ref@https://registry.npmjs.org/use-callback-ref/-/use-callback-ref-1.3.3.tgz. Extracting by manifest.
794 silly tarball no local data for url-parse@https://registry.npmjs.org/url-parse/-/url-parse-1.5.10.tgz. Extracting by manifest.
795 silly tarball no local data for update-browserslist-db@https://registry.npmjs.org/update-browserslist-db/-/update-browserslist-db-1.1.3.tgz. Extracting by manifest.
796 silly tarball no local data for universalify@https://registry.npmjs.org/universalify/-/universalify-0.2.0.tgz. Extracting by manifest.
797 silly tarball no local data for undici-types@https://registry.npmjs.org/undici-types/-/undici-types-6.21.0.tgz. Extracting by manifest.
798 silly tarball no local data for uglify-js@https://registry.npmjs.org/uglify-js/-/uglify-js-3.19.3.tgz. Extracting by manifest.
799 silly tarball no local data for type-fest@https://registry.npmjs.org/type-fest/-/type-fest-0.21.3.tgz. Extracting by manifest.
800 silly tarball no local data for type-detect@https://registry.npmjs.org/type-detect/-/type-detect-4.0.8.tgz. Extracting by manifest.
801 silly tarball no local data for tslib@https://registry.npmjs.org/tslib/-/tslib-2.8.1.tgz. Extracting by manifest.
802 silly tarball no local data for tr46@https://registry.npmjs.org/tr46/-/tr46-0.0.3.tgz. Extracting by manifest.
803 silly tarball no local data for tough-cookie@https://registry.npmjs.org/tough-cookie/-/tough-cookie-4.1.4.tgz. Extracting by manifest.
804 silly tarball no local data for to-regex-range@https://registry.npmjs.org/to-regex-range/-/to-regex-range-5.0.1.tgz. Extracting by manifest.
805 silly tarball no local data for tmpl@https://registry.npmjs.org/tmpl/-/tmpl-1.0.5.tgz. Extracting by manifest.
806 silly tarball no local data for tiny-invariant@https://registry.npmjs.org/tiny-invariant/-/tiny-invariant-1.3.3.tgz. Extracting by manifest.
807 silly tarball no local data for tar@https://registry.npmjs.org/tar/-/tar-7.5.1.tgz. Extracting by manifest.
808 silly tarball no local data for test-exclude@https://registry.npmjs.org/test-exclude/-/test-exclude-6.0.0.tgz. Extracting by manifest.
809 silly tarball no local data for tapable@https://registry.npmjs.org/tapable/-/tapable-2.3.0.tgz. Extracting by manifest.
810 silly tarball no local data for symbol-tree@https://registry.npmjs.org/symbol-tree/-/symbol-tree-3.2.4.tgz. Extracting by manifest.
811 silly tarball no local data for swr@https://registry.npmjs.org/swr/-/swr-2.3.6.tgz. Extracting by manifest.
812 silly tarball no local data for supports-preserve-symlinks-flag@https://registry.npmjs.org/supports-preserve-symlinks-flag/-/supports-preserve-symlinks-flag-1.0.0.tgz. Extracting by manifest.
813 silly tarball no local data for supports-color@https://registry.npmjs.org/supports-color/-/supports-color-7.2.0.tgz. Extracting by manifest.
814 silly tarball no local data for styled-jsx@https://registry.npmjs.org/styled-jsx/-/styled-jsx-5.1.6.tgz. Extracting by manifest.
815 silly tarball no local data for strip-json-comments@https://registry.npmjs.org/strip-json-comments/-/strip-json-comments-3.1.1.tgz. Extracting by manifest.
816 silly tarball no local data for strip-indent@https://registry.npmjs.org/strip-indent/-/strip-indent-3.0.0.tgz. Extracting by manifest.
817 silly tarball no local data for strip-final-newline@https://registry.npmjs.org/strip-final-newline/-/strip-final-newline-2.0.0.tgz. Extracting by manifest.
818 silly tarball no local data for strip-ansi@https://registry.npmjs.org/strip-ansi/-/strip-ansi-6.0.1.tgz. Extracting by manifest.
819 silly tarball no local data for string-width@https://registry.npmjs.org/string-width/-/string-width-4.2.3.tgz. Extracting by manifest.
820 silly tarball no local data for string-length@https://registry.npmjs.org/string-length/-/string-length-4.0.2.tgz. Extracting by manifest.
821 silly tarball no local data for stack-utils@https://registry.npmjs.org/stack-utils/-/stack-utils-2.0.6.tgz. Extracting by manifest.
822 silly tarball no local data for strip-bom@https://registry.npmjs.org/strip-bom/-/strip-bom-4.0.0.tgz. Extracting by manifest.
823 silly tarball no local data for sprintf-js@https://registry.npmjs.org/sprintf-js/-/sprintf-js-1.0.3.tgz. Extracting by manifest.
824 silly tarball no local data for source-map@https://registry.npmjs.org/source-map/-/source-map-0.6.1.tgz. Extracting by manifest.
825 silly tarball no local data for source-map-support@https://registry.npmjs.org/source-map-support/-/source-map-support-0.5.13.tgz. Extracting by manifest.
826 silly tarball no local data for source-map-js@https://registry.npmjs.org/source-map-js/-/source-map-js-1.2.1.tgz. Extracting by manifest.
827 silly tarball no local data for slash@https://registry.npmjs.org/slash/-/slash-3.0.0.tgz. Extracting by manifest.
828 silly tarball no local data for sisteransi@https://registry.npmjs.org/sisteransi/-/sisteransi-1.0.5.tgz. Extracting by manifest.
829 silly tarball no local data for signal-exit@https://registry.npmjs.org/signal-exit/-/signal-exit-3.0.7.tgz. Extracting by manifest.
830 silly tarball no local data for shebang-regex@https://registry.npmjs.org/shebang-regex/-/shebang-regex-3.0.0.tgz. Extracting by manifest.
831 silly tarball no local data for shebang-command@https://registry.npmjs.org/shebang-command/-/shebang-command-2.0.0.tgz. Extracting by manifest.
832 silly tarball no local data for server-only@https://registry.npmjs.org/server-only/-/server-only-0.0.1.tgz. Extracting by manifest.
833 silly tarball no local data for semver@https://registry.npmjs.org/semver/-/semver-7.7.3.tgz. Extracting by manifest.
834 silly tarball no local data for scheduler@https://registry.npmjs.org/scheduler/-/scheduler-0.27.0.tgz. Extracting by manifest.
835 silly tarball no local data for saxes@https://registry.npmjs.org/saxes/-/saxes-6.0.0.tgz. Extracting by manifest.
836 silly tarball no local data for safer-buffer@https://registry.npmjs.org/safer-buffer/-/safer-buffer-2.1.2.tgz. Extracting by manifest.
837 silly tarball no local data for resolve.exports@https://registry.npmjs.org/resolve.exports/-/resolve.exports-2.0.3.tgz. Extracting by manifest.
838 silly tarball no local data for resolve-from@https://registry.npmjs.org/resolve-from/-/resolve-from-5.0.0.tgz. Extracting by manifest.
839 silly tarball no local data for resolve-cwd@https://registry.npmjs.org/resolve-cwd/-/resolve-cwd-3.0.0.tgz. Extracting by manifest.
840 silly tarball no local data for resolve@https://registry.npmjs.org/resolve/-/resolve-1.22.11.tgz. Extracting by manifest.
841 silly tarball no local data for requires-port@https://registry.npmjs.org/requires-port/-/requires-port-1.0.0.tgz. Extracting by manifest.
842 silly tarball no local data for require-directory@https://registry.npmjs.org/require-directory/-/require-directory-2.1.1.tgz. Extracting by manifest.
843 silly tarball no local data for redent@https://registry.npmjs.org/redent/-/redent-3.0.0.tgz. Extracting by manifest.
844 silly tarball no local data for react-transition-group@https://registry.npmjs.org/react-transition-group/-/react-transition-group-4.4.5.tgz. Extracting by manifest.
845 silly tarball no local data for react-style-singleton@https://registry.npmjs.org/react-style-singleton/-/react-style-singleton-2.2.3.tgz. Extracting by manifest.
846 silly tarball no local data for sharp@https://registry.npmjs.org/sharp/-/sharp-0.34.4.tgz. Extracting by manifest.
847 silly tarball no local data for react-smooth@https://registry.npmjs.org/react-smooth/-/react-smooth-4.0.4.tgz. Extracting by manifest.
848 silly tarball no local data for react-remove-scroll-bar@https://registry.npmjs.org/react-remove-scroll-bar/-/react-remove-scroll-bar-2.3.8.tgz. Extracting by manifest.
849 silly tarball no local data for recharts-scale@https://registry.npmjs.org/recharts-scale/-/recharts-scale-0.4.5.tgz. Extracting by manifest.
850 silly tarball no local data for react-is@https://registry.npmjs.org/react-is/-/react-is-18.3.1.tgz. Extracting by manifest.
851 silly tarball no local data for querystringify@https://registry.npmjs.org/querystringify/-/querystringify-2.2.0.tgz. Extracting by manifest.
852 silly tarball no local data for react-remove-scroll@https://registry.npmjs.org/react-remove-scroll/-/react-remove-scroll-2.7.1.tgz. Extracting by manifest.
853 silly tarball no local data for pure-rand@https://registry.npmjs.org/pure-rand/-/pure-rand-6.1.0.tgz. Extracting by manifest.
854 silly tarball no local data for punycode@https://registry.npmjs.org/punycode/-/punycode-2.3.1.tgz. Extracting by manifest.
855 silly tarball no local data for psl@https://registry.npmjs.org/psl/-/psl-1.15.0.tgz. Extracting by manifest.
856 silly tarball no local data for prompts@https://registry.npmjs.org/prompts/-/prompts-2.4.2.tgz. Extracting by manifest.
857 silly tarball no local data for pretty-format@https://registry.npmjs.org/pretty-format/-/pretty-format-27.5.1.tgz. Extracting by manifest.
858 silly tarball no local data for prop-types@https://registry.npmjs.org/prop-types/-/prop-types-15.8.1.tgz. Extracting by manifest.
859 silly tarball no local data for postcss-value-parser@https://registry.npmjs.org/postcss-value-parser/-/postcss-value-parser-4.2.0.tgz. Extracting by manifest.
860 silly tarball no local data for pkg-dir@https://registry.npmjs.org/pkg-dir/-/pkg-dir-4.2.0.tgz. Extracting by manifest.
861 silly tarball no local data for pirates@https://registry.npmjs.org/pirates/-/pirates-4.0.7.tgz. Extracting by manifest.
862 silly tarball no local data for picocolors@https://registry.npmjs.org/picocolors/-/picocolors-1.1.1.tgz. Extracting by manifest.
863 silly tarball no local data for picomatch@https://registry.npmjs.org/picomatch/-/picomatch-2.3.1.tgz. Extracting by manifest.
864 silly tarball no local data for path-parse@https://registry.npmjs.org/path-parse/-/path-parse-1.0.7.tgz. Extracting by manifest.
865 silly tarball no local data for path-key@https://registry.npmjs.org/path-key/-/path-key-3.1.1.tgz. Extracting by manifest.
866 silly tarball no local data for path-is-absolute@https://registry.npmjs.org/path-is-absolute/-/path-is-absolute-1.0.1.tgz. Extracting by manifest.
867 silly tarball no local data for path-exists@https://registry.npmjs.org/path-exists/-/path-exists-4.0.0.tgz. Extracting by manifest.
868 silly tarball no local data for parse5@https://registry.npmjs.org/parse5/-/parse5-7.3.0.tgz. Extracting by manifest.
869 silly tarball no local data for parse-json@https://registry.npmjs.org/parse-json/-/parse-json-5.2.0.tgz. Extracting by manifest.
870 silly tarball no local data for p-try@https://registry.npmjs.org/p-try/-/p-try-2.2.0.tgz. Extracting by manifest.
871 silly tarball no local data for p-locate@https://registry.npmjs.org/p-locate/-/p-locate-4.1.0.tgz. Extracting by manifest.
872 silly tarball no local data for p-limit@https://registry.npmjs.org/p-limit/-/p-limit-3.1.0.tgz. Extracting by manifest.
873 silly tarball no local data for onetime@https://registry.npmjs.org/onetime/-/onetime-5.1.2.tgz. Extracting by manifest.
874 silly tarball no local data for once@https://registry.npmjs.org/once/-/once-1.4.0.tgz. Extracting by manifest.
875 silly tarball no local data for object-assign@https://registry.npmjs.org/object-assign/-/object-assign-4.1.1.tgz. Extracting by manifest.
876 silly tarball no local data for nwsapi@https://registry.npmjs.org/nwsapi/-/nwsapi-2.2.22.tgz. Extracting by manifest.
877 silly tarball no local data for npm-run-path@https://registry.npmjs.org/npm-run-path/-/npm-run-path-4.0.1.tgz. Extracting by manifest.
878 silly tarball no local data for normalize-range@https://registry.npmjs.org/normalize-range/-/normalize-range-0.1.2.tgz. Extracting by manifest.
879 silly tarball no local data for normalize-path@https://registry.npmjs.org/normalize-path/-/normalize-path-3.0.0.tgz. Extracting by manifest.
880 silly tarball no local data for node-releases@https://registry.npmjs.org/node-releases/-/node-releases-2.0.25.tgz. Extracting by manifest.
881 silly tarball no local data for node-int64@https://registry.npmjs.org/node-int64/-/node-int64-0.4.0.tgz. Extracting by manifest.
882 silly tarball no local data for neo-async@https://registry.npmjs.org/neo-async/-/neo-async-2.6.2.tgz. Extracting by manifest.
883 silly tarball no local data for natural-compare@https://registry.npmjs.org/natural-compare/-/natural-compare-1.4.0.tgz. Extracting by manifest.
884 silly tarball no local data for nanoid@https://registry.npmjs.org/nanoid/-/nanoid-3.3.11.tgz. Extracting by manifest.
885 silly tarball no local data for ms@https://registry.npmjs.org/ms/-/ms-2.1.3.tgz. Extracting by manifest.
886 silly tarball no local data for motion-utils@https://registry.npmjs.org/motion-utils/-/motion-utils-12.23.6.tgz. Extracting by manifest.
887 silly tarball no local data for motion-dom@https://registry.npmjs.org/motion-dom/-/motion-dom-12.23.23.tgz. Extracting by manifest.
888 silly tarball no local data for minizlib@https://registry.npmjs.org/minizlib/-/minizlib-3.1.0.tgz. Extracting by manifest.
889 silly tarball no local data for minipass@https://registry.npmjs.org/minipass/-/minipass-7.1.2.tgz. Extracting by manifest.
890 silly tarball no local data for minimist@https://registry.npmjs.org/minimist/-/minimist-1.2.8.tgz. Extracting by manifest.
891 silly tarball no local data for min-indent@https://registry.npmjs.org/min-indent/-/min-indent-1.0.1.tgz. Extracting by manifest.
892 silly tarball no local data for minimatch@https://registry.npmjs.org/minimatch/-/minimatch-3.1.2.tgz. Extracting by manifest.
893 silly tarball no local data for mimic-fn@https://registry.npmjs.org/mimic-fn/-/mimic-fn-2.1.0.tgz. Extracting by manifest.
894 silly tarball no local data for mime-types@https://registry.npmjs.org/mime-types/-/mime-types-2.1.35.tgz. Extracting by manifest.
895 silly tarball no local data for mime-db@https://registry.npmjs.org/mime-db/-/mime-db-1.52.0.tgz. Extracting by manifest.
896 silly tarball no local data for micromatch@https://registry.npmjs.org/micromatch/-/micromatch-4.0.8.tgz. Extracting by manifest.
897 silly tarball no local data for merge-stream@https://registry.npmjs.org/merge-stream/-/merge-stream-2.0.0.tgz. Extracting by manifest.
898 silly tarball no local data for math-intrinsics@https://registry.npmjs.org/math-intrinsics/-/math-intrinsics-1.1.0.tgz. Extracting by manifest.
899 silly tarball no local data for makeerror@https://registry.npmjs.org/makeerror/-/makeerror-1.0.12.tgz. Extracting by manifest.
900 silly tarball no local data for make-error@https://registry.npmjs.org/make-error/-/make-error-1.3.6.tgz. Extracting by manifest.
901 silly tarball no local data for make-dir@https://registry.npmjs.org/make-dir/-/make-dir-4.0.0.tgz. Extracting by manifest.
902 silly tarball no local data for magic-string@https://registry.npmjs.org/magic-string/-/magic-string-0.30.19.tgz. Extracting by manifest.
903 silly tarball no local data for lz-string@https://registry.npmjs.org/lz-string/-/lz-string-1.5.0.tgz. Extracting by manifest.
904 silly tarball no local data for lru-cache@https://registry.npmjs.org/lru-cache/-/lru-cache-5.1.1.tgz. Extracting by manifest.
905 silly tarball no local data for loose-envify@https://registry.npmjs.org/loose-envify/-/loose-envify-1.4.0.tgz. Extracting by manifest.
906 silly tarball no local data for lodash.memoize@https://registry.npmjs.org/lodash.memoize/-/lodash.memoize-4.1.2.tgz. Extracting by manifest.
907 silly tarball no local data for lodash@https://registry.npmjs.org/lodash/-/lodash-4.17.21.tgz. Extracting by manifest.
908 silly tarball no local data for locate-path@https://registry.npmjs.org/locate-path/-/locate-path-5.0.0.tgz. Extracting by manifest.
909 silly tarball no local data for lines-and-columns@https://registry.npmjs.org/lines-and-columns/-/lines-and-columns-1.2.4.tgz. Extracting by manifest.
910 silly tarball no local data for lightningcss-darwin-x64@https://registry.npmjs.org/lightningcss-darwin-x64/-/lightningcss-darwin-x64-1.30.1.tgz. Extracting by manifest.
911 silly tarball no local data for lightningcss@https://registry.npmjs.org/lightningcss/-/lightningcss-1.30.1.tgz. Extracting by manifest.
912 silly tarball no local data for leven@https://registry.npmjs.org/leven/-/leven-3.1.0.tgz. Extracting by manifest.
913 silly tarball no local data for kleur@https://registry.npmjs.org/kleur/-/kleur-3.0.3.tgz. Extracting by manifest.
914 silly tarball no local data for json5@https://registry.npmjs.org/json5/-/json5-2.2.3.tgz. Extracting by manifest.
915 silly tarball no local data for json-parse-even-better-errors@https://registry.npmjs.org/json-parse-even-better-errors/-/json-parse-even-better-errors-2.3.1.tgz. Extracting by manifest.
916 silly tarball no local data for jsesc@https://registry.npmjs.org/jsesc/-/jsesc-3.1.0.tgz. Extracting by manifest.
917 silly tarball no local data for jsdom@https://registry.npmjs.org/jsdom/-/jsdom-20.0.3.tgz. Extracting by manifest.
918 silly tarball no local data for js-yaml@https://registry.npmjs.org/js-yaml/-/js-yaml-3.14.1.tgz. Extracting by manifest.
919 silly tarball no local data for js-tokens@https://registry.npmjs.org/js-tokens/-/js-tokens-4.0.0.tgz. Extracting by manifest.
920 silly tarball no local data for jiti@https://registry.npmjs.org/jiti/-/jiti-2.6.1.tgz. Extracting by manifest.
921 silly tarball no local data for jest-worker@https://registry.npmjs.org/jest-worker/-/jest-worker-29.7.0.tgz. Extracting by manifest.
922 silly tarball no local data for jest-watcher@https://registry.npmjs.org/jest-watcher/-/jest-watcher-29.7.0.tgz. Extracting by manifest.
923 silly tarball no local data for jest-validate@https://registry.npmjs.org/jest-validate/-/jest-validate-29.7.0.tgz. Extracting by manifest.
924 silly tarball no local data for jest-util@https://registry.npmjs.org/jest-util/-/jest-util-29.7.0.tgz. Extracting by manifest.
925 silly tarball no local data for jest-snapshot@https://registry.npmjs.org/jest-snapshot/-/jest-snapshot-29.7.0.tgz. Extracting by manifest.
926 silly tarball no local data for jest-runtime@https://registry.npmjs.org/jest-runtime/-/jest-runtime-29.7.0.tgz. Extracting by manifest.
927 silly tarball no local data for jest-resolve-dependencies@https://registry.npmjs.org/jest-resolve-dependencies/-/jest-resolve-dependencies-29.7.0.tgz. Extracting by manifest.
928 silly tarball no local data for jest-runner@https://registry.npmjs.org/jest-runner/-/jest-runner-29.7.0.tgz. Extracting by manifest.
929 silly tarball no local data for jest-resolve@https://registry.npmjs.org/jest-resolve/-/jest-resolve-29.7.0.tgz. Extracting by manifest.
930 silly tarball no local data for jest-regex-util@https://registry.npmjs.org/jest-regex-util/-/jest-regex-util-29.6.3.tgz. Extracting by manifest.
931 silly tarball no local data for jest-pnp-resolver@https://registry.npmjs.org/jest-pnp-resolver/-/jest-pnp-resolver-1.2.3.tgz. Extracting by manifest.
932 silly tarball no local data for jest-mock@https://registry.npmjs.org/jest-mock/-/jest-mock-29.7.0.tgz. Extracting by manifest.
933 silly tarball no local data for jest-message-util@https://registry.npmjs.org/jest-message-util/-/jest-message-util-29.7.0.tgz. Extracting by manifest.
934 silly tarball no local data for jest-matcher-utils@https://registry.npmjs.org/jest-matcher-utils/-/jest-matcher-utils-29.7.0.tgz. Extracting by manifest.
935 silly tarball no local data for jest-leak-detector@https://registry.npmjs.org/jest-leak-detector/-/jest-leak-detector-29.7.0.tgz. Extracting by manifest.
936 silly tarball no local data for jest-get-type@https://registry.npmjs.org/jest-get-type/-/jest-get-type-29.6.3.tgz. Extracting by manifest.
937 silly tarball no local data for jest-environment-node@https://registry.npmjs.org/jest-environment-node/-/jest-environment-node-29.7.0.tgz. Extracting by manifest.
938 silly tarball no local data for jest-haste-map@https://registry.npmjs.org/jest-haste-map/-/jest-haste-map-29.7.0.tgz. Extracting by manifest.
939 silly tarball no local data for jest-each@https://registry.npmjs.org/jest-each/-/jest-each-29.7.0.tgz. Extracting by manifest.
940 silly tarball no local data for jest-cli@https://registry.npmjs.org/jest-cli/-/jest-cli-29.7.0.tgz. Extracting by manifest.
941 silly tarball no local data for jest-docblock@https://registry.npmjs.org/jest-docblock/-/jest-docblock-29.7.0.tgz. Extracting by manifest.
942 silly tarball no local data for jest-diff@https://registry.npmjs.org/jest-diff/-/jest-diff-29.7.0.tgz. Extracting by manifest.
943 silly tarball no local data for jest-circus@https://registry.npmjs.org/jest-circus/-/jest-circus-29.7.0.tgz. Extracting by manifest.
944 silly tarball no local data for jest-changed-files@https://registry.npmjs.org/jest-changed-files/-/jest-changed-files-29.7.0.tgz. Extracting by manifest.
945 silly tarball no local data for istanbul-reports@https://registry.npmjs.org/istanbul-reports/-/istanbul-reports-3.2.0.tgz. Extracting by manifest.
946 silly tarball no local data for istanbul-lib-source-maps@https://registry.npmjs.org/istanbul-lib-source-maps/-/istanbul-lib-source-maps-4.0.1.tgz. Extracting by manifest.
947 silly tarball no local data for istanbul-lib-report@https://registry.npmjs.org/istanbul-lib-report/-/istanbul-lib-report-3.0.1.tgz. Extracting by manifest.
948 silly tarball no local data for istanbul-lib-instrument@https://registry.npmjs.org/istanbul-lib-instrument/-/istanbul-lib-instrument-6.0.3.tgz. Extracting by manifest.
949 silly tarball no local data for istanbul-lib-coverage@https://registry.npmjs.org/istanbul-lib-coverage/-/istanbul-lib-coverage-3.2.2.tgz. Extracting by manifest.
950 silly tarball no local data for isexe@https://registry.npmjs.org/isexe/-/isexe-2.0.0.tgz. Extracting by manifest.
951 silly tarball no local data for is-stream@https://registry.npmjs.org/is-stream/-/is-stream-2.0.1.tgz. Extracting by manifest.
952 silly tarball no local data for is-potential-custom-element-name@https://registry.npmjs.org/is-potential-custom-element-name/-/is-potential-custom-element-name-1.0.1.tgz. Extracting by manifest.
953 silly tarball no local data for is-number@https://registry.npmjs.org/is-number/-/is-number-7.0.0.tgz. Extracting by manifest.
954 silly tarball no local data for is-generator-fn@https://registry.npmjs.org/is-generator-fn/-/is-generator-fn-2.1.0.tgz. Extracting by manifest.
955 silly tarball no local data for is-fullwidth-code-point@https://registry.npmjs.org/is-fullwidth-code-point/-/is-fullwidth-code-point-3.0.0.tgz. Extracting by manifest.
956 silly tarball no local data for is-core-module@https://registry.npmjs.org/is-core-module/-/is-core-module-2.16.1.tgz. Extracting by manifest.
957 silly tarball no local data for internmap@https://registry.npmjs.org/internmap/-/internmap-2.0.3.tgz. Extracting by manifest.
958 silly tarball no local data for inherits@https://registry.npmjs.org/inherits/-/inherits-2.0.4.tgz. Extracting by manifest.
959 silly tarball no local data for inflight@https://registry.npmjs.org/inflight/-/inflight-1.0.6.tgz. Extracting by manifest.
960 silly tarball no local data for indent-string@https://registry.npmjs.org/indent-string/-/indent-string-4.0.0.tgz. Extracting by manifest.
961 silly tarball no local data for import-local@https://registry.npmjs.org/import-local/-/import-local-3.2.0.tgz. Extracting by manifest.
962 silly tarball no local data for iconv-lite@https://registry.npmjs.org/iconv-lite/-/iconv-lite-0.6.3.tgz. Extracting by manifest.
963 silly tarball no local data for human-signals@https://registry.npmjs.org/human-signals/-/human-signals-2.1.0.tgz. Extracting by manifest.
964 silly tarball no local data for https-proxy-agent@https://registry.npmjs.org/https-proxy-agent/-/https-proxy-agent-5.0.1.tgz. Extracting by manifest.
965 silly tarball no local data for http-proxy-agent@https://registry.npmjs.org/http-proxy-agent/-/http-proxy-agent-5.0.0.tgz. Extracting by manifest.
966 silly tarball no local data for html-escaper@https://registry.npmjs.org/html-escaper/-/html-escaper-2.0.2.tgz. Extracting by manifest.
967 silly tarball no local data for hasown@https://registry.npmjs.org/hasown/-/hasown-2.0.2.tgz. Extracting by manifest.
968 silly tarball no local data for html-encoding-sniffer@https://registry.npmjs.org/html-encoding-sniffer/-/html-encoding-sniffer-3.0.0.tgz. Extracting by manifest.
969 silly tarball no local data for has-tostringtag@https://registry.npmjs.org/has-tostringtag/-/has-tostringtag-1.0.2.tgz. Extracting by manifest.
970 silly tarball no local data for has-symbols@https://registry.npmjs.org/has-symbols/-/has-symbols-1.1.0.tgz. Extracting by manifest.
971 silly tarball no local data for has-flag@https://registry.npmjs.org/has-flag/-/has-flag-4.0.0.tgz. Extracting by manifest.
972 silly tarball no local data for handlebars@https://registry.npmjs.org/handlebars/-/handlebars-4.7.8.tgz. Extracting by manifest.
973 silly tarball no local data for graceful-fs@https://registry.npmjs.org/graceful-fs/-/graceful-fs-4.2.11.tgz. Extracting by manifest.
974 silly tarball no local data for gopd@https://registry.npmjs.org/gopd/-/gopd-1.2.0.tgz. Extracting by manifest.
975 silly tarball no local data for glob@https://registry.npmjs.org/glob/-/glob-7.2.3.tgz. Extracting by manifest.
976 silly tarball no local data for get-stream@https://registry.npmjs.org/get-stream/-/get-stream-6.0.1.tgz. Extracting by manifest.
977 silly tarball no local data for imurmurhash@https://registry.npmjs.org/imurmurhash/-/imurmurhash-0.1.4.tgz. Extracting by manifest.
978 silly tarball no local data for get-package-type@https://registry.npmjs.org/get-package-type/-/get-package-type-0.1.0.tgz. Extracting by manifest.
979 silly tarball no local data for get-nonce@https://registry.npmjs.org/get-nonce/-/get-nonce-1.0.1.tgz. Extracting by manifest.
980 silly tarball no local data for get-proto@https://registry.npmjs.org/get-proto/-/get-proto-1.0.1.tgz. Extracting by manifest.
981 silly tarball no local data for get-caller-file@https://registry.npmjs.org/get-caller-file/-/get-caller-file-2.0.5.tgz. Extracting by manifest.
982 silly tarball no local data for get-intrinsic@https://registry.npmjs.org/get-intrinsic/-/get-intrinsic-1.3.0.tgz. Extracting by manifest.
983 silly tarball no local data for function-bind@https://registry.npmjs.org/function-bind/-/function-bind-1.1.2.tgz. Extracting by manifest.
984 silly tarball no local data for gensync@https://registry.npmjs.org/gensync/-/gensync-1.0.0-beta.2.tgz. Extracting by manifest.
985 silly tarball no local data for fsevents@https://registry.npmjs.org/fsevents/-/fsevents-2.3.3.tgz. Extracting by manifest.
986 silly tarball no local data for fs.realpath@https://registry.npmjs.org/fs.realpath/-/fs.realpath-1.0.0.tgz. Extracting by manifest.
987 silly tarball no local data for fraction.js@https://registry.npmjs.org/fraction.js/-/fraction.js-4.3.7.tgz. Extracting by manifest.
988 silly tarball no local data for form-data@https://registry.npmjs.org/form-data/-/form-data-4.0.4.tgz. Extracting by manifest.
989 silly tarball no local data for fill-range@https://registry.npmjs.org/fill-range/-/fill-range-7.1.1.tgz. Extracting by manifest.
990 silly tarball no local data for fb-watchman@https://registry.npmjs.org/fb-watchman/-/fb-watchman-2.0.2.tgz. Extracting by manifest.
991 silly tarball no local data for fast-json-stable-stringify@https://registry.npmjs.org/fast-json-stable-stringify/-/fast-json-stable-stringify-2.1.0.tgz. Extracting by manifest.
992 silly tarball no local data for fast-equals@https://registry.npmjs.org/fast-equals/-/fast-equals-5.3.2.tgz. Extracting by manifest.
993 silly tarball no local data for expect@https://registry.npmjs.org/expect/-/expect-29.7.0.tgz. Extracting by manifest.
994 silly tarball no local data for exit@https://registry.npmjs.org/exit/-/exit-0.1.2.tgz. Extracting by manifest.
995 silly tarball no local data for execa@https://registry.npmjs.org/execa/-/execa-5.1.1.tgz. Extracting by manifest.
996 silly tarball no local data for eventemitter3@https://registry.npmjs.org/eventemitter3/-/eventemitter3-4.0.7.tgz. Extracting by manifest.
997 silly tarball no local data for esutils@https://registry.npmjs.org/esutils/-/esutils-2.0.3.tgz. Extracting by manifest.
998 silly tarball no local data for estraverse@https://registry.npmjs.org/estraverse/-/estraverse-5.3.0.tgz. Extracting by manifest.
999 silly tarball no local data for find-up@https://registry.npmjs.org/find-up/-/find-up-4.1.0.tgz. Extracting by manifest.
1000 silly tarball no local data for esprima@https://registry.npmjs.org/esprima/-/esprima-4.0.1.tgz. Extracting by manifest.
1001 silly tarball no local data for escodegen@https://registry.npmjs.org/escodegen/-/escodegen-2.1.0.tgz. Extracting by manifest.
1002 silly tarball no local data for escalade@https://registry.npmjs.org/escalade/-/escalade-3.2.0.tgz. Extracting by manifest.
1003 silly tarball no local data for escape-string-regexp@https://registry.npmjs.org/escape-string-regexp/-/escape-string-regexp-2.0.0.tgz. Extracting by manifest.
1004 silly tarball no local data for es-set-tostringtag@https://registry.npmjs.org/es-set-tostringtag/-/es-set-tostringtag-2.1.0.tgz. Extracting by manifest.
1005 silly tarball no local data for es-object-atoms@https://registry.npmjs.org/es-object-atoms/-/es-object-atoms-1.1.1.tgz. Extracting by manifest.
1006 silly tarball no local data for es-define-property@https://registry.npmjs.org/es-define-property/-/es-define-property-1.0.1.tgz. Extracting by manifest.
1007 silly tarball no local data for error-ex@https://registry.npmjs.org/error-ex/-/error-ex-1.3.4.tgz. Extracting by manifest.
1008 silly tarball no local data for es-errors@https://registry.npmjs.org/es-errors/-/es-errors-1.3.0.tgz. Extracting by manifest.
1009 silly tarball no local data for entities@https://registry.npmjs.org/entities/-/entities-6.0.1.tgz. Extracting by manifest.
1010 silly tarball no local data for enhanced-resolve@https://registry.npmjs.org/enhanced-resolve/-/enhanced-resolve-5.18.3.tgz. Extracting by manifest.
1011 silly tarball no local data for emoji-regex@https://registry.npmjs.org/emoji-regex/-/emoji-regex-8.0.0.tgz. Extracting by manifest.
1012 silly tarball no local data for emittery@https://registry.npmjs.org/emittery/-/emittery-0.13.1.tgz. Extracting by manifest.
1013 silly tarball no local data for embla-carousel-reactive-utils@https://registry.npmjs.org/embla-carousel-reactive-utils/-/embla-carousel-reactive-utils-8.5.1.tgz. Extracting by manifest.
1014 silly tarball no local data for embla-carousel@https://registry.npmjs.org/embla-carousel/-/embla-carousel-8.5.1.tgz. Extracting by manifest.
1015 silly tarball no local data for dom-helpers@https://registry.npmjs.org/dom-helpers/-/dom-helpers-5.2.1.tgz. Extracting by manifest.
1016 silly tarball no local data for domexception@https://registry.npmjs.org/domexception/-/domexception-4.0.0.tgz. Extracting by manifest.
1017 silly tarball no local data for diff-sequences@https://registry.npmjs.org/diff-sequences/-/diff-sequences-29.6.3.tgz. Extracting by manifest.
1018 silly tarball no local data for electron-to-chromium@https://registry.npmjs.org/electron-to-chromium/-/electron-to-chromium-1.5.237.tgz. Extracting by manifest.
1019 silly tarball no local data for dom-accessibility-api@https://registry.npmjs.org/dom-accessibility-api/-/dom-accessibility-api-0.5.16.tgz. Extracting by manifest.
1020 silly tarball no local data for diff@https://registry.npmjs.org/diff/-/diff-4.0.2.tgz. Extracting by manifest.
1021 silly tarball no local data for detect-newline@https://registry.npmjs.org/detect-newline/-/detect-newline-3.1.0.tgz. Extracting by manifest.
1022 silly tarball no local data for detect-node-es@https://registry.npmjs.org/detect-node-es/-/detect-node-es-1.1.0.tgz. Extracting by manifest.
1023 silly tarball no local data for detect-libc@https://registry.npmjs.org/detect-libc/-/detect-libc-2.1.2.tgz. Extracting by manifest.
1024 silly tarball no local data for delayed-stream@https://registry.npmjs.org/delayed-stream/-/delayed-stream-1.0.0.tgz. Extracting by manifest.
1025 silly tarball no local data for dequal@https://registry.npmjs.org/dequal/-/dequal-2.0.3.tgz. Extracting by manifest.
1026 silly tarball no local data for dunder-proto@https://registry.npmjs.org/dunder-proto/-/dunder-proto-1.0.1.tgz. Extracting by manifest.
1027 silly tarball no local data for decimal.js-light@https://registry.npmjs.org/decimal.js-light/-/decimal.js-light-2.5.1.tgz. Extracting by manifest.
1028 silly tarball no local data for dedent@https://registry.npmjs.org/dedent/-/dedent-1.7.0.tgz. Extracting by manifest.
1029 silly tarball no local data for decimal.js@https://registry.npmjs.org/decimal.js/-/decimal.js-10.6.0.tgz. Extracting by manifest.
1030 silly tarball no local data for debug@https://registry.npmjs.org/debug/-/debug-4.4.3.tgz. Extracting by manifest.
1031 silly tarball no local data for d3-timer@https://registry.npmjs.org/d3-timer/-/d3-timer-3.0.1.tgz. Extracting by manifest.
1032 silly tarball no local data for date-fns-jalali@https://registry.npmjs.org/date-fns-jalali/-/date-fns-jalali-4.1.0-0.tgz. Extracting by manifest.
1033 silly tarball no local data for data-urls@https://registry.npmjs.org/data-urls/-/data-urls-3.0.2.tgz. Extracting by manifest.
1034 silly tarball no local data for d3-time-format@https://registry.npmjs.org/d3-time-format/-/d3-time-format-4.1.0.tgz. Extracting by manifest.
1035 silly tarball no local data for d3-time@https://registry.npmjs.org/d3-time/-/d3-time-3.1.0.tgz. Extracting by manifest.
1036 silly tarball no local data for d3-shape@https://registry.npmjs.org/d3-shape/-/d3-shape-3.2.0.tgz. Extracting by manifest.
1037 silly tarball no local data for d3-scale@https://registry.npmjs.org/d3-scale/-/d3-scale-4.0.2.tgz. Extracting by manifest.
1038 silly tarball no local data for d3-path@https://registry.npmjs.org/d3-path/-/d3-path-3.1.0.tgz. Extracting by manifest.
1039 silly tarball no local data for d3-interpolate@https://registry.npmjs.org/d3-interpolate/-/d3-interpolate-3.0.1.tgz. Extracting by manifest.
1040 silly tarball no local data for d3-format@https://registry.npmjs.org/d3-format/-/d3-format-3.1.0.tgz. Extracting by manifest.
1041 silly tarball no local data for d3-ease@https://registry.npmjs.org/d3-ease/-/d3-ease-3.0.1.tgz. Extracting by manifest.
1042 silly tarball no local data for d3-color@https://registry.npmjs.org/d3-color/-/d3-color-3.1.0.tgz. Extracting by manifest.
1043 silly tarball no local data for deepmerge@https://registry.npmjs.org/deepmerge/-/deepmerge-4.3.1.tgz. Extracting by manifest.
1044 silly tarball no local data for d3-array@https://registry.npmjs.org/d3-array/-/d3-array-3.2.4.tgz. Extracting by manifest.
1045 silly tarball no local data for csstype@https://registry.npmjs.org/csstype/-/csstype-3.1.3.tgz. Extracting by manifest.
1046 silly tarball no local data for cssom@https://registry.npmjs.org/cssom/-/cssom-0.5.0.tgz. Extracting by manifest.
1047 silly tarball no local data for css.escape@https://registry.npmjs.org/css.escape/-/css.escape-1.5.1.tgz. Extracting by manifest.
1048 silly tarball no local data for cssstyle@https://registry.npmjs.org/cssstyle/-/cssstyle-2.3.0.tgz. Extracting by manifest.
1049 silly tarball no local data for cross-spawn@https://registry.npmjs.org/cross-spawn/-/cross-spawn-7.0.6.tgz. Extracting by manifest.
1050 silly tarball no local data for create-require@https://registry.npmjs.org/create-require/-/create-require-1.1.1.tgz. Extracting by manifest.
1051 silly tarball no local data for create-jest@https://registry.npmjs.org/create-jest/-/create-jest-29.7.0.tgz. Extracting by manifest.
1052 silly tarball no local data for convert-source-map@https://registry.npmjs.org/convert-source-map/-/convert-source-map-2.0.0.tgz. Extracting by manifest.
1053 silly tarball no local data for concat-map@https://registry.npmjs.org/concat-map/-/concat-map-0.0.1.tgz. Extracting by manifest.
1054 silly tarball no local data for combined-stream@https://registry.npmjs.org/combined-stream/-/combined-stream-1.0.8.tgz. Extracting by manifest.
1055 silly tarball no local data for color-name@https://registry.npmjs.org/color-name/-/color-name-1.1.4.tgz. Extracting by manifest.
1056 silly tarball no local data for color-convert@https://registry.npmjs.org/color-convert/-/color-convert-2.0.1.tgz. Extracting by manifest.
1057 silly tarball no local data for collect-v8-coverage@https://registry.npmjs.org/collect-v8-coverage/-/collect-v8-coverage-1.0.3.tgz. Extracting by manifest.
1058 silly tarball no local data for co@https://registry.npmjs.org/co/-/co-4.6.0.tgz. Extracting by manifest.
1059 silly tarball no local data for cliui@https://registry.npmjs.org/cliui/-/cliui-8.0.1.tgz. Extracting by manifest.
1060 silly tarball no local data for client-only@https://registry.npmjs.org/client-only/-/client-only-0.0.1.tgz. Extracting by manifest.
1061 silly tarball no local data for cjs-module-lexer@https://registry.npmjs.org/cjs-module-lexer/-/cjs-module-lexer-1.4.3.tgz. Extracting by manifest.
1062 silly tarball no local data for ci-info@https://registry.npmjs.org/ci-info/-/ci-info-3.9.0.tgz. Extracting by manifest.
1063 silly tarball no local data for chownr@https://registry.npmjs.org/chownr/-/chownr-3.0.0.tgz. Extracting by manifest.
1064 silly tarball no local data for char-regex@https://registry.npmjs.org/char-regex/-/char-regex-1.0.2.tgz. Extracting by manifest.
1065 silly tarball no local data for chalk@https://registry.npmjs.org/chalk/-/chalk-4.1.2.tgz. Extracting by manifest.
1066 silly tarball no local data for caniuse-lite@https://registry.npmjs.org/caniuse-lite/-/caniuse-lite-1.0.30001751.tgz. Extracting by manifest.
1067 silly tarball no local data for camelcase@https://registry.npmjs.org/camelcase/-/camelcase-5.3.1.tgz. Extracting by manifest.
1068 silly tarball no local data for callsites@https://registry.npmjs.org/callsites/-/callsites-3.1.0.tgz. Extracting by manifest.
1069 silly tarball no local data for call-bind-apply-helpers@https://registry.npmjs.org/call-bind-apply-helpers/-/call-bind-apply-helpers-1.0.2.tgz. Extracting by manifest.
1070 silly tarball no local data for buffer-from@https://registry.npmjs.org/buffer-from/-/buffer-from-1.1.2.tgz. Extracting by manifest.
1071 silly tarball no local data for bser@https://registry.npmjs.org/bser/-/bser-2.1.1.tgz. Extracting by manifest.
1072 silly tarball no local data for bs-logger@https://registry.npmjs.org/bs-logger/-/bs-logger-0.2.6.tgz. Extracting by manifest.
1073 silly tarball no local data for browserslist@https://registry.npmjs.org/browserslist/-/browserslist-4.26.3.tgz. Extracting by manifest.
1074 silly tarball no local data for braces@https://registry.npmjs.org/braces/-/braces-3.0.3.tgz. Extracting by manifest.
1075 silly tarball no local data for brace-expansion@https://registry.npmjs.org/brace-expansion/-/brace-expansion-1.1.12.tgz. Extracting by manifest.
1076 silly tarball no local data for baseline-browser-mapping@https://registry.npmjs.org/baseline-browser-mapping/-/baseline-browser-mapping-2.8.18.tgz. Extracting by manifest.
1077 silly tarball no local data for balanced-match@https://registry.npmjs.org/balanced-match/-/balanced-match-1.0.2.tgz. Extracting by manifest.
1078 silly tarball no local data for babel-preset-jest@https://registry.npmjs.org/babel-preset-jest/-/babel-preset-jest-29.6.3.tgz. Extracting by manifest.
1079 silly tarball no local data for babel-preset-current-node-syntax@https://registry.npmjs.org/babel-preset-current-node-syntax/-/babel-preset-current-node-syntax-1.2.0.tgz. Extracting by manifest.
1080 silly tarball no local data for babel-plugin-jest-hoist@https://registry.npmjs.org/babel-plugin-jest-hoist/-/babel-plugin-jest-hoist-29.6.3.tgz. Extracting by manifest.
1081 silly tarball no local data for babel-plugin-istanbul@https://registry.npmjs.org/babel-plugin-istanbul/-/babel-plugin-istanbul-6.1.1.tgz. Extracting by manifest.
1082 silly tarball no local data for asynckit@https://registry.npmjs.org/asynckit/-/asynckit-0.4.0.tgz. Extracting by manifest.
1083 silly tarball no local data for babel-jest@https://registry.npmjs.org/babel-jest/-/babel-jest-29.7.0.tgz. Extracting by manifest.
1084 silly tarball no local data for aria-query@https://registry.npmjs.org/aria-query/-/aria-query-5.3.0.tgz. Extracting by manifest.
1085 silly tarball no local data for aria-hidden@https://registry.npmjs.org/aria-hidden/-/aria-hidden-1.2.6.tgz. Extracting by manifest.
1086 silly tarball no local data for argparse@https://registry.npmjs.org/argparse/-/argparse-1.0.10.tgz. Extracting by manifest.
1087 silly tarball no local data for arg@https://registry.npmjs.org/arg/-/arg-4.1.3.tgz. Extracting by manifest.
1088 silly tarball no local data for anymatch@https://registry.npmjs.org/anymatch/-/anymatch-3.1.3.tgz. Extracting by manifest.
1089 silly tarball no local data for ansi-styles@https://registry.npmjs.org/ansi-styles/-/ansi-styles-4.3.0.tgz. Extracting by manifest.
1090 silly tarball no local data for ansi-regex@https://registry.npmjs.org/ansi-regex/-/ansi-regex-5.0.1.tgz. Extracting by manifest.
1091 silly tarball no local data for ansi-escapes@https://registry.npmjs.org/ansi-escapes/-/ansi-escapes-4.3.2.tgz. Extracting by manifest.
1092 silly tarball no local data for acorn-walk@https://registry.npmjs.org/acorn-walk/-/acorn-walk-8.3.4.tgz. Extracting by manifest.
1093 silly tarball no local data for acorn-globals@https://registry.npmjs.org/acorn-globals/-/acorn-globals-7.0.1.tgz. Extracting by manifest.
1094 silly tarball no local data for acorn@https://registry.npmjs.org/acorn/-/acorn-8.15.0.tgz. Extracting by manifest.
1095 silly tarball no local data for @types/yargs-parser@https://registry.npmjs.org/@types/yargs-parser/-/yargs-parser-21.0.3.tgz. Extracting by manifest.
1096 silly tarball no local data for abab@https://registry.npmjs.org/abab/-/abab-2.0.6.tgz. Extracting by manifest.
1097 silly tarball no local data for @types/yargs@https://registry.npmjs.org/@types/yargs/-/yargs-17.0.33.tgz. Extracting by manifest.
1098 silly tarball no local data for @types/ws@https://registry.npmjs.org/@types/ws/-/ws-8.18.1.tgz. Extracting by manifest.
1099 silly tarball no local data for @types/tough-cookie@https://registry.npmjs.org/@types/tough-cookie/-/tough-cookie-4.0.5.tgz. Extracting by manifest.
1100 silly tarball no local data for @types/stack-utils@https://registry.npmjs.org/@types/stack-utils/-/stack-utils-2.0.3.tgz. Extracting by manifest.
1101 silly tarball no local data for @types/phoenix@https://registry.npmjs.org/@types/phoenix/-/phoenix-1.6.6.tgz. Extracting by manifest.
1102 silly tarball no local data for @types/jsdom@https://registry.npmjs.org/@types/jsdom/-/jsdom-20.0.1.tgz. Extracting by manifest.
1103 silly tarball no local data for @types/istanbul-reports@https://registry.npmjs.org/@types/istanbul-reports/-/istanbul-reports-3.0.4.tgz. Extracting by manifest.
1104 silly tarball no local data for @types/istanbul-lib-report@https://registry.npmjs.org/@types/istanbul-lib-report/-/istanbul-lib-report-3.0.3.tgz. Extracting by manifest.
1105 silly tarball no local data for @types/istanbul-lib-coverage@https://registry.npmjs.org/@types/istanbul-lib-coverage/-/istanbul-lib-coverage-2.0.6.tgz. Extracting by manifest.
1106 silly tarball no local data for @types/graceful-fs@https://registry.npmjs.org/@types/graceful-fs/-/graceful-fs-4.1.9.tgz. Extracting by manifest.
1107 silly tarball no local data for @types/d3-timer@https://registry.npmjs.org/@types/d3-timer/-/d3-timer-3.0.2.tgz. Extracting by manifest.
1108 silly tarball no local data for @types/d3-time@https://registry.npmjs.org/@types/d3-time/-/d3-time-3.0.4.tgz. Extracting by manifest.
1109 silly tarball no local data for @types/d3-shape@https://registry.npmjs.org/@types/d3-shape/-/d3-shape-3.1.7.tgz. Extracting by manifest.
1110 silly tarball no local data for @types/d3-scale@https://registry.npmjs.org/@types/d3-scale/-/d3-scale-4.0.9.tgz. Extracting by manifest.
1111 silly tarball no local data for @types/d3-path@https://registry.npmjs.org/@types/d3-path/-/d3-path-3.1.1.tgz. Extracting by manifest.
1112 silly tarball no local data for @types/d3-interpolate@https://registry.npmjs.org/@types/d3-interpolate/-/d3-interpolate-3.0.4.tgz. Extracting by manifest.
1113 silly tarball no local data for @types/d3-ease@https://registry.npmjs.org/@types/d3-ease/-/d3-ease-3.0.2.tgz. Extracting by manifest.
1114 silly tarball no local data for @types/d3-color@https://registry.npmjs.org/@types/d3-color/-/d3-color-3.1.3.tgz. Extracting by manifest.
1115 silly tarball no local data for @types/d3-array@https://registry.npmjs.org/@types/d3-array/-/d3-array-3.2.2.tgz. Extracting by manifest.
1116 silly tarball no local data for @types/babel__traverse@https://registry.npmjs.org/@types/babel__traverse/-/babel__traverse-7.28.0.tgz. Extracting by manifest.
1117 silly tarball no local data for @types/babel__template@https://registry.npmjs.org/@types/babel__template/-/babel__template-7.4.4.tgz. Extracting by manifest.
1118 silly tarball no local data for @types/babel__generator@https://registry.npmjs.org/@types/babel__generator/-/babel__generator-7.27.0.tgz. Extracting by manifest.
1119 silly tarball no local data for @types/babel__core@https://registry.npmjs.org/@types/babel__core/-/babel__core-7.20.5.tgz. Extracting by manifest.
1120 silly tarball no local data for @types/aria-query@https://registry.npmjs.org/@types/aria-query/-/aria-query-5.0.4.tgz. Extracting by manifest.
1121 silly tarball no local data for @tsconfig/node16@https://registry.npmjs.org/@tsconfig/node16/-/node16-1.0.4.tgz. Extracting by manifest.
1122 silly tarball no local data for @tsconfig/node14@https://registry.npmjs.org/@tsconfig/node14/-/node14-1.0.3.tgz. Extracting by manifest.
1123 silly tarball no local data for @tsconfig/node12@https://registry.npmjs.org/@tsconfig/node12/-/node12-1.0.11.tgz. Extracting by manifest.
1124 silly tarball no local data for @tsconfig/node10@https://registry.npmjs.org/@tsconfig/node10/-/node10-1.0.11.tgz. Extracting by manifest.
1125 silly tarball no local data for @tootallnate/once@https://registry.npmjs.org/@tootallnate/once/-/once-2.0.0.tgz. Extracting by manifest.
1126 silly tarball no local data for @testing-library/dom@https://registry.npmjs.org/@testing-library/dom/-/dom-10.4.1.tgz. Extracting by manifest.
1127 silly tarball no local data for @tailwindcss/oxide-darwin-x64@https://registry.npmjs.org/@tailwindcss/oxide-darwin-x64/-/oxide-darwin-x64-4.1.14.tgz. Extracting by manifest.
1128 silly tarball no local data for @tailwindcss/oxide@https://registry.npmjs.org/@tailwindcss/oxide/-/oxide-4.1.14.tgz. Extracting by manifest.
1129 silly tarball no local data for @tailwindcss/node@https://registry.npmjs.org/@tailwindcss/node/-/node-4.1.14.tgz. Extracting by manifest.
1130 silly tarball no local data for @swc/helpers@https://registry.npmjs.org/@swc/helpers/-/helpers-0.5.15.tgz. Extracting by manifest.
1131 silly tarball no local data for @supabase/storage-js@https://registry.npmjs.org/@supabase/storage-js/-/storage-js-2.76.1.tgz. Extracting by manifest.
1132 silly tarball no local data for @supabase/realtime-js@https://registry.npmjs.org/@supabase/realtime-js/-/realtime-js-2.76.1.tgz. Extracting by manifest.
1133 silly tarball no local data for @supabase/postgrest-js@https://registry.npmjs.org/@supabase/postgrest-js/-/postgrest-js-2.76.1.tgz. Extracting by manifest.
1134 silly tarball no local data for @supabase/node-fetch@https://registry.npmjs.org/@supabase/node-fetch/-/node-fetch-2.6.15.tgz. Extracting by manifest.
1135 silly tarball no local data for @supabase/functions-js@https://registry.npmjs.org/@supabase/functions-js/-/functions-js-2.76.1.tgz. Extracting by manifest.
1136 silly tarball no local data for @supabase/auth-js@https://registry.npmjs.org/@supabase/auth-js/-/auth-js-2.76.1.tgz. Extracting by manifest.
1137 silly tarball no local data for @sinonjs/fake-timers@https://registry.npmjs.org/@sinonjs/fake-timers/-/fake-timers-10.3.0.tgz. Extracting by manifest.
1138 silly tarball no local data for @sinonjs/commons@https://registry.npmjs.org/@sinonjs/commons/-/commons-3.0.1.tgz. Extracting by manifest.
1139 silly tarball no local data for @sinclair/typebox@https://registry.npmjs.org/@sinclair/typebox/-/typebox-0.27.8.tgz. Extracting by manifest.
1140 silly tarball no local data for @radix-ui/rect@https://registry.npmjs.org/@radix-ui/rect/-/rect-1.1.0.tgz. Extracting by manifest.
1141 silly tarball no local data for @radix-ui/react-visually-hidden@https://registry.npmjs.org/@radix-ui/react-visually-hidden/-/react-visually-hidden-1.1.1.tgz. Extracting by manifest.
1142 silly tarball no local data for @radix-ui/react-use-size@https://registry.npmjs.org/@radix-ui/react-use-size/-/react-use-size-1.1.0.tgz. Extracting by manifest.
1143 silly tarball no local data for @radix-ui/react-use-rect@https://registry.npmjs.org/@radix-ui/react-use-rect/-/react-use-rect-1.1.0.tgz. Extracting by manifest.
1144 silly tarball no local data for @radix-ui/react-use-previous@https://registry.npmjs.org/@radix-ui/react-use-previous/-/react-use-previous-1.1.0.tgz. Extracting by manifest.
1145 silly tarball no local data for @radix-ui/react-use-layout-effect@https://registry.npmjs.org/@radix-ui/react-use-layout-effect/-/react-use-layout-effect-1.1.0.tgz. Extracting by manifest.
1146 silly tarball no local data for @radix-ui/react-use-escape-keydown@https://registry.npmjs.org/@radix-ui/react-use-escape-keydown/-/react-use-escape-keydown-1.1.0.tgz. Extracting by manifest.
1147 silly tarball no local data for @radix-ui/react-use-controllable-state@https://registry.npmjs.org/@radix-ui/react-use-controllable-state/-/react-use-controllable-state-1.1.0.tgz. Extracting by manifest.
1148 silly tarball no local data for @radix-ui/react-use-callback-ref@https://registry.npmjs.org/@radix-ui/react-use-callback-ref/-/react-use-callback-ref-1.1.0.tgz. Extracting by manifest.
1149 silly tarball no local data for @radix-ui/react-roving-focus@https://registry.npmjs.org/@radix-ui/react-roving-focus/-/react-roving-focus-1.1.1.tgz. Extracting by manifest.
1150 silly tarball no local data for @radix-ui/react-primitive@https://registry.npmjs.org/@radix-ui/react-primitive/-/react-primitive-2.0.1.tgz. Extracting by manifest.
1151 silly tarball no local data for @radix-ui/react-presence@https://registry.npmjs.org/@radix-ui/react-presence/-/react-presence-1.1.2.tgz. Extracting by manifest.
1152 silly tarball no local data for @radix-ui/react-portal@https://registry.npmjs.org/@radix-ui/react-portal/-/react-portal-1.1.3.tgz. Extracting by manifest.
1153 silly tarball no local data for @radix-ui/react-popper@https://registry.npmjs.org/@radix-ui/react-popper/-/react-popper-1.2.1.tgz. Extracting by manifest.
1154 silly tarball no local data for @radix-ui/react-menu@https://registry.npmjs.org/@radix-ui/react-menu/-/react-menu-2.1.4.tgz. Extracting by manifest.
1155 silly tarball no local data for @radix-ui/react-id@https://registry.npmjs.org/@radix-ui/react-id/-/react-id-1.1.0.tgz. Extracting by manifest.
1156 silly tarball no local data for @radix-ui/react-focus-scope@https://registry.npmjs.org/@radix-ui/react-focus-scope/-/react-focus-scope-1.1.1.tgz. Extracting by manifest.
1157 silly tarball no local data for @radix-ui/react-focus-guards@https://registry.npmjs.org/@radix-ui/react-focus-guards/-/react-focus-guards-1.1.1.tgz. Extracting by manifest.
1158 silly tarball no local data for @radix-ui/react-dismissable-layer@https://registry.npmjs.org/@radix-ui/react-dismissable-layer/-/react-dismissable-layer-1.1.3.tgz. Extracting by manifest.
1159 silly tarball no local data for @radix-ui/react-direction@https://registry.npmjs.org/@radix-ui/react-direction/-/react-direction-1.1.0.tgz. Extracting by manifest.
1160 silly tarball no local data for @radix-ui/react-context@https://registry.npmjs.org/@radix-ui/react-context/-/react-context-1.1.1.tgz. Extracting by manifest.
1161 silly tarball no local data for @radix-ui/react-compose-refs@https://registry.npmjs.org/@radix-ui/react-compose-refs/-/react-compose-refs-1.1.1.tgz. Extracting by manifest.
1162 silly tarball no local data for @radix-ui/react-collection@https://registry.npmjs.org/@radix-ui/react-collection/-/react-collection-1.1.1.tgz. Extracting by manifest.
1163 silly tarball no local data for @radix-ui/react-arrow@https://registry.npmjs.org/@radix-ui/react-arrow/-/react-arrow-1.1.1.tgz. Extracting by manifest.
1164 silly tarball no local data for @radix-ui/primitive@https://registry.npmjs.org/@radix-ui/primitive/-/primitive-1.1.1.tgz. Extracting by manifest.
1165 silly tarball no local data for @radix-ui/number@https://registry.npmjs.org/@radix-ui/number/-/number-1.1.0.tgz. Extracting by manifest.
1166 silly tarball no local data for @next/swc-darwin-x64@https://registry.npmjs.org/@next/swc-darwin-x64/-/swc-darwin-x64-15.5.6.tgz. Extracting by manifest.
1167 silly tarball no local data for @next/env@https://registry.npmjs.org/@next/env/-/env-15.5.6.tgz. Extracting by manifest.
1168 silly tarball no local data for @jridgewell/trace-mapping@https://registry.npmjs.org/@jridgewell/trace-mapping/-/trace-mapping-0.3.31.tgz. Extracting by manifest.
1169 silly tarball no local data for @jridgewell/sourcemap-codec@https://registry.npmjs.org/@jridgewell/sourcemap-codec/-/sourcemap-codec-1.5.5.tgz. Extracting by manifest.
1170 silly tarball no local data for @jridgewell/resolve-uri@https://registry.npmjs.org/@jridgewell/resolve-uri/-/resolve-uri-3.1.2.tgz. Extracting by manifest.
1171 silly tarball no local data for @jridgewell/remapping@https://registry.npmjs.org/@jridgewell/remapping/-/remapping-2.3.5.tgz. Extracting by manifest.
1172 silly tarball no local data for @jridgewell/gen-mapping@https://registry.npmjs.org/@jridgewell/gen-mapping/-/gen-mapping-0.3.13.tgz. Extracting by manifest.
1173 silly tarball no local data for @jest/types@https://registry.npmjs.org/@jest/types/-/types-29.6.3.tgz. Extracting by manifest.
1174 silly tarball no local data for @jest/test-sequencer@https://registry.npmjs.org/@jest/test-sequencer/-/test-sequencer-29.7.0.tgz. Extracting by manifest.
1175 silly tarball no local data for @jest/transform@https://registry.npmjs.org/@jest/transform/-/transform-29.7.0.tgz. Extracting by manifest.
1176 silly tarball no local data for @jest/test-result@https://registry.npmjs.org/@jest/test-result/-/test-result-29.7.0.tgz. Extracting by manifest.
1177 silly tarball no local data for @jest/source-map@https://registry.npmjs.org/@jest/source-map/-/source-map-29.6.3.tgz. Extracting by manifest.
1178 silly tarball no local data for @jest/schemas@https://registry.npmjs.org/@jest/schemas/-/schemas-29.6.3.tgz. Extracting by manifest.
1179 silly tarball no local data for @jest/reporters@https://registry.npmjs.org/@jest/reporters/-/reporters-29.7.0.tgz. Extracting by manifest.
1180 silly tarball no local data for @jest/fake-timers@https://registry.npmjs.org/@jest/fake-timers/-/fake-timers-29.7.0.tgz. Extracting by manifest.
1181 silly tarball no local data for @jest/globals@https://registry.npmjs.org/@jest/globals/-/globals-29.7.0.tgz. Extracting by manifest.
1182 silly tarball no local data for @jest/expect-utils@https://registry.npmjs.org/@jest/expect-utils/-/expect-utils-29.7.0.tgz. Extracting by manifest.
1183 silly tarball no local data for @jest/expect@https://registry.npmjs.org/@jest/expect/-/expect-29.7.0.tgz. Extracting by manifest.
1184 silly tarball no local data for @jest/environment@https://registry.npmjs.org/@jest/environment/-/environment-29.7.0.tgz. Extracting by manifest.
1185 silly tarball no local data for @jest/core@https://registry.npmjs.org/@jest/core/-/core-29.7.0.tgz. Extracting by manifest.
1186 silly tarball no local data for @jest/console@https://registry.npmjs.org/@jest/console/-/console-29.7.0.tgz. Extracting by manifest.
1187 silly tarball no local data for @istanbuljs/schema@https://registry.npmjs.org/@istanbuljs/schema/-/schema-0.1.3.tgz. Extracting by manifest.
1188 silly tarball no local data for @istanbuljs/load-nyc-config@https://registry.npmjs.org/@istanbuljs/load-nyc-config/-/load-nyc-config-1.1.0.tgz. Extracting by manifest.
1189 silly tarball no local data for @isaacs/fs-minipass@https://registry.npmjs.org/@isaacs/fs-minipass/-/fs-minipass-4.0.1.tgz. Extracting by manifest.
1190 silly tarball no local data for @img/sharp-libvips-darwin-x64@https://registry.npmjs.org/@img/sharp-libvips-darwin-x64/-/sharp-libvips-darwin-x64-1.2.3.tgz. Extracting by manifest.
1191 silly tarball no local data for @img/sharp-darwin-x64@https://registry.npmjs.org/@img/sharp-darwin-x64/-/sharp-darwin-x64-0.34.4.tgz. Extracting by manifest.
1192 silly tarball no local data for @img/colour@https://registry.npmjs.org/@img/colour/-/colour-1.0.0.tgz. Extracting by manifest.
1193 silly tarball no local data for @floating-ui/utils@https://registry.npmjs.org/@floating-ui/utils/-/utils-0.2.10.tgz. Extracting by manifest.
1194 silly tarball no local data for @floating-ui/react-dom@https://registry.npmjs.org/@floating-ui/react-dom/-/react-dom-2.1.6.tgz. Extracting by manifest.
1195 silly tarball no local data for @floating-ui/dom@https://registry.npmjs.org/@floating-ui/dom/-/dom-1.7.4.tgz. Extracting by manifest.
1196 silly tarball no local data for @floating-ui/core@https://registry.npmjs.org/@floating-ui/core/-/core-1.7.3.tgz. Extracting by manifest.
1197 silly tarball no local data for @emnapi/runtime@https://registry.npmjs.org/@emnapi/runtime/-/runtime-1.5.0.tgz. Extracting by manifest.
1198 silly tarball no local data for @date-fns/tz@https://registry.npmjs.org/@date-fns/tz/-/tz-1.2.0.tgz. Extracting by manifest.
1199 silly tarball no local data for @cspotcode/source-map-support@https://registry.npmjs.org/@cspotcode/source-map-support/-/source-map-support-0.8.1.tgz. Extracting by manifest.
1200 silly tarball no local data for @bcoe/v8-coverage@https://registry.npmjs.org/@bcoe/v8-coverage/-/v8-coverage-0.2.3.tgz. Extracting by manifest.
1201 silly tarball no local data for @babel/types@https://registry.npmjs.org/@babel/types/-/types-7.28.4.tgz. Extracting by manifest.
1202 silly tarball no local data for @babel/traverse@https://registry.npmjs.org/@babel/traverse/-/traverse-7.28.4.tgz. Extracting by manifest.
1203 silly tarball no local data for @babel/template@https://registry.npmjs.org/@babel/template/-/template-7.27.2.tgz. Extracting by manifest.
1204 silly tarball no local data for @babel/runtime@https://registry.npmjs.org/@babel/runtime/-/runtime-7.28.4.tgz. Extracting by manifest.
1205 silly tarball no local data for @babel/plugin-syntax-typescript@https://registry.npmjs.org/@babel/plugin-syntax-typescript/-/plugin-syntax-typescript-7.27.1.tgz. Extracting by manifest.
1206 silly tarball no local data for @babel/plugin-syntax-top-level-await@https://registry.npmjs.org/@babel/plugin-syntax-top-level-await/-/plugin-syntax-top-level-await-7.14.5.tgz. Extracting by manifest.
1207 silly tarball no local data for @babel/plugin-syntax-private-property-in-object@https://registry.npmjs.org/@babel/plugin-syntax-private-property-in-object/-/plugin-syntax-private-property-in-object-7.14.5.tgz. Extracting by manifest.
1208 silly tarball no local data for @babel/plugin-syntax-optional-chaining@https://registry.npmjs.org/@babel/plugin-syntax-optional-chaining/-/plugin-syntax-optional-chaining-7.8.3.tgz. Extracting by manifest.
1209 silly tarball no local data for @babel/plugin-syntax-optional-catch-binding@https://registry.npmjs.org/@babel/plugin-syntax-optional-catch-binding/-/plugin-syntax-optional-catch-binding-7.8.3.tgz. Extracting by manifest.
1210 silly tarball no local data for @babel/plugin-syntax-object-rest-spread@https://registry.npmjs.org/@babel/plugin-syntax-object-rest-spread/-/plugin-syntax-object-rest-spread-7.8.3.tgz. Extracting by manifest.
1211 silly tarball no local data for @babel/plugin-syntax-numeric-separator@https://registry.npmjs.org/@babel/plugin-syntax-numeric-separator/-/plugin-syntax-numeric-separator-7.10.4.tgz. Extracting by manifest.
1212 silly tarball no local data for @babel/plugin-syntax-nullish-coalescing-operator@https://registry.npmjs.org/@babel/plugin-syntax-nullish-coalescing-operator/-/plugin-syntax-nullish-coalescing-operator-7.8.3.tgz. Extracting by manifest.
1213 silly tarball no local data for @babel/plugin-syntax-logical-assignment-operators@https://registry.npmjs.org/@babel/plugin-syntax-logical-assignment-operators/-/plugin-syntax-logical-assignment-operators-7.10.4.tgz. Extracting by manifest.
1214 silly tarball no local data for @babel/plugin-syntax-jsx@https://registry.npmjs.org/@babel/plugin-syntax-jsx/-/plugin-syntax-jsx-7.27.1.tgz. Extracting by manifest.
1215 silly tarball no local data for @babel/plugin-syntax-import-meta@https://registry.npmjs.org/@babel/plugin-syntax-import-meta/-/plugin-syntax-import-meta-7.10.4.tgz. Extracting by manifest.
1216 silly tarball no local data for @babel/plugin-syntax-json-strings@https://registry.npmjs.org/@babel/plugin-syntax-json-strings/-/plugin-syntax-json-strings-7.8.3.tgz. Extracting by manifest.
1217 silly tarball no local data for @babel/plugin-syntax-import-attributes@https://registry.npmjs.org/@babel/plugin-syntax-import-attributes/-/plugin-syntax-import-attributes-7.27.1.tgz. Extracting by manifest.
1218 silly tarball no local data for @babel/plugin-syntax-class-static-block@https://registry.npmjs.org/@babel/plugin-syntax-class-static-block/-/plugin-syntax-class-static-block-7.14.5.tgz. Extracting by manifest.
1219 silly tarball no local data for @babel/plugin-syntax-class-properties@https://registry.npmjs.org/@babel/plugin-syntax-class-properties/-/plugin-syntax-class-properties-7.12.13.tgz. Extracting by manifest.
1220 silly tarball no local data for @babel/plugin-syntax-bigint@https://registry.npmjs.org/@babel/plugin-syntax-bigint/-/plugin-syntax-bigint-7.8.3.tgz. Extracting by manifest.
1221 silly tarball no local data for @babel/plugin-syntax-async-generators@https://registry.npmjs.org/@babel/plugin-syntax-async-generators/-/plugin-syntax-async-generators-7.8.4.tgz. Extracting by manifest.
1222 silly tarball no local data for @babel/parser@https://registry.npmjs.org/@babel/parser/-/parser-7.28.4.tgz. Extracting by manifest.
1223 silly tarball no local data for @babel/helpers@https://registry.npmjs.org/@babel/helpers/-/helpers-7.28.4.tgz. Extracting by manifest.
1224 silly tarball no local data for @babel/helper-validator-option@https://registry.npmjs.org/@babel/helper-validator-option/-/helper-validator-option-7.27.1.tgz. Extracting by manifest.
1225 silly tarball no local data for @babel/helper-validator-identifier@https://registry.npmjs.org/@babel/helper-validator-identifier/-/helper-validator-identifier-7.27.1.tgz. Extracting by manifest.
1226 silly tarball no local data for @babel/helper-string-parser@https://registry.npmjs.org/@babel/helper-string-parser/-/helper-string-parser-7.27.1.tgz. Extracting by manifest.
1227 silly tarball no local data for @babel/helper-plugin-utils@https://registry.npmjs.org/@babel/helper-plugin-utils/-/helper-plugin-utils-7.27.1.tgz. Extracting by manifest.
1228 silly tarball no local data for @babel/helper-module-imports@https://registry.npmjs.org/@babel/helper-module-imports/-/helper-module-imports-7.27.1.tgz. Extracting by manifest.
1229 silly tarball no local data for @babel/helper-module-transforms@https://registry.npmjs.org/@babel/helper-module-transforms/-/helper-module-transforms-7.28.3.tgz. Extracting by manifest.
1230 silly tarball no local data for @babel/helper-globals@https://registry.npmjs.org/@babel/helper-globals/-/helper-globals-7.28.0.tgz. Extracting by manifest.
1231 silly tarball no local data for @babel/helper-compilation-targets@https://registry.npmjs.org/@babel/helper-compilation-targets/-/helper-compilation-targets-7.27.2.tgz. Extracting by manifest.
1232 silly tarball no local data for @babel/generator@https://registry.npmjs.org/@babel/generator/-/generator-7.28.3.tgz. Extracting by manifest.
1233 silly tarball no local data for @babel/core@https://registry.npmjs.org/@babel/core/-/core-7.28.4.tgz. Extracting by manifest.
1234 silly tarball no local data for @babel/compat-data@https://registry.npmjs.org/@babel/compat-data/-/compat-data-7.28.4.tgz. Extracting by manifest.
1235 silly tarball no local data for @babel/code-frame@https://registry.npmjs.org/@babel/code-frame/-/code-frame-7.27.1.tgz. Extracting by manifest.
1236 silly tarball no local data for @alloc/quick-lru@https://registry.npmjs.org/@alloc/quick-lru/-/quick-lru-5.2.0.tgz. Extracting by manifest.
1237 silly tarball no local data for @adobe/css-tools@https://registry.npmjs.org/@adobe/css-tools/-/css-tools-4.4.4.tgz. Extracting by manifest.
1238 silly tarball no local data for @types/react-dom@https://registry.npmjs.org/@types/react-dom/-/react-dom-19.2.2.tgz. Extracting by manifest.
1239 silly tarball no local data for @types/react@https://registry.npmjs.org/@types/react/-/react-19.2.2.tgz. Extracting by manifest.
1240 silly tarball no local data for @types/jest@https://registry.npmjs.org/@types/jest/-/jest-29.5.14.tgz. Extracting by manifest.
1241 silly tarball no local data for @vercel/analytics@https://registry.npmjs.org/@vercel/analytics/-/analytics-1.3.1.tgz. Extracting by manifest.
1242 silly tarball no local data for @testing-library/react@https://registry.npmjs.org/@testing-library/react/-/react-16.3.0.tgz. Extracting by manifest.
1243 silly tarball no local data for @testing-library/user-event@https://registry.npmjs.org/@testing-library/user-event/-/user-event-14.6.1.tgz. Extracting by manifest.
1244 silly tarball no local data for @radix-ui/react-hover-card@https://registry.npmjs.org/@radix-ui/react-hover-card/-/react-hover-card-1.1.4.tgz. Extracting by manifest.
1245 silly tarball no local data for @testing-library/jest-dom@https://registry.npmjs.org/@testing-library/jest-dom/-/jest-dom-6.9.1.tgz. Extracting by manifest.
1246 silly tarball no local data for @types/node@https://registry.npmjs.org/@types/node/-/node-22.18.11.tgz. Extracting by manifest.
1247 silly tarball no local data for @radix-ui/react-toggle-group@https://registry.npmjs.org/@radix-ui/react-toggle-group/-/react-toggle-group-1.1.1.tgz. Extracting by manifest.
1248 silly tarball no local data for @supabase/supabase-js@https://registry.npmjs.org/@supabase/supabase-js/-/supabase-js-2.76.1.tgz. Extracting by manifest.
1249 silly tarball no local data for @radix-ui/react-tabs@https://registry.npmjs.org/@radix-ui/react-tabs/-/react-tabs-1.1.2.tgz. Extracting by manifest.
1250 silly tarball no local data for @radix-ui/react-toggle@https://registry.npmjs.org/@radix-ui/react-toggle/-/react-toggle-1.1.1.tgz. Extracting by manifest.
1251 silly tarball no local data for @tailwindcss/postcss@https://registry.npmjs.org/@tailwindcss/postcss/-/postcss-4.1.14.tgz. Extracting by manifest.
1252 silly tarball no local data for @radix-ui/react-tooltip@https://registry.npmjs.org/@radix-ui/react-tooltip/-/react-tooltip-1.1.6.tgz. Extracting by manifest.
1253 silly tarball no local data for @radix-ui/react-toast@https://registry.npmjs.org/@radix-ui/react-toast/-/react-toast-1.2.4.tgz. Extracting by manifest.
1254 silly tarball no local data for @radix-ui/react-switch@https://registry.npmjs.org/@radix-ui/react-switch/-/react-switch-1.1.2.tgz. Extracting by manifest.
1255 silly tarball no local data for @radix-ui/react-progress@https://registry.npmjs.org/@radix-ui/react-progress/-/react-progress-1.1.1.tgz. Extracting by manifest.
1256 silly tarball no local data for @radix-ui/react-slider@https://registry.npmjs.org/@radix-ui/react-slider/-/react-slider-1.2.2.tgz. Extracting by manifest.
1257 silly tarball no local data for @radix-ui/react-separator@https://registry.npmjs.org/@radix-ui/react-separator/-/react-separator-1.1.1.tgz. Extracting by manifest.
1258 silly tarball no local data for @radix-ui/react-slot@https://registry.npmjs.org/@radix-ui/react-slot/-/react-slot-1.1.1.tgz. Extracting by manifest.
1259 silly tarball no local data for @radix-ui/react-navigation-menu@https://registry.npmjs.org/@radix-ui/react-navigation-menu/-/react-navigation-menu-1.2.3.tgz. Extracting by manifest.
1260 silly tarball no local data for @radix-ui/react-scroll-area@https://registry.npmjs.org/@radix-ui/react-scroll-area/-/react-scroll-area-1.2.2.tgz. Extracting by manifest.
1261 silly tarball no local data for @radix-ui/react-select@https://registry.npmjs.org/@radix-ui/react-select/-/react-select-2.1.4.tgz. Extracting by manifest.
1262 silly tarball no local data for @radix-ui/react-radio-group@https://registry.npmjs.org/@radix-ui/react-radio-group/-/react-radio-group-1.2.2.tgz. Extracting by manifest.
1263 silly tarball no local data for @radix-ui/react-popover@https://registry.npmjs.org/@radix-ui/react-popover/-/react-popover-1.1.4.tgz. Extracting by manifest.
1264 silly tarball no local data for @radix-ui/react-menubar@https://registry.npmjs.org/@radix-ui/react-menubar/-/react-menubar-1.1.4.tgz. Extracting by manifest.
1265 silly tarball no local data for @radix-ui/react-dropdown-menu@https://registry.npmjs.org/@radix-ui/react-dropdown-menu/-/react-dropdown-menu-2.1.4.tgz. Extracting by manifest.
1266 silly tarball no local data for @radix-ui/react-context-menu@https://registry.npmjs.org/@radix-ui/react-context-menu/-/react-context-menu-2.2.4.tgz. Extracting by manifest.
1267 silly tarball no local data for @radix-ui/react-accordion@https://registry.npmjs.org/@radix-ui/react-accordion/-/react-accordion-1.2.2.tgz. Extracting by manifest.
1268 silly tarball no local data for @radix-ui/react-collapsible@https://registry.npmjs.org/@radix-ui/react-collapsible/-/react-collapsible-1.1.2.tgz. Extracting by manifest.
1269 silly tarball no local data for @radix-ui/react-label@https://registry.npmjs.org/@radix-ui/react-label/-/react-label-2.1.1.tgz. Extracting by manifest.
1270 silly tarball no local data for @radix-ui/react-aspect-ratio@https://registry.npmjs.org/@radix-ui/react-aspect-ratio/-/react-aspect-ratio-1.1.1.tgz. Extracting by manifest.
1271 silly tarball no local data for @radix-ui/react-dialog@https://registry.npmjs.org/@radix-ui/react-dialog/-/react-dialog-1.1.4.tgz. Extracting by manifest.
1272 silly tarball no local data for @hookform/resolvers@https://registry.npmjs.org/@hookform/resolvers/-/resolvers-3.10.0.tgz. Extracting by manifest.
1273 silly tarball no local data for @radix-ui/react-checkbox@https://registry.npmjs.org/@radix-ui/react-checkbox/-/react-checkbox-1.1.3.tgz. Extracting by manifest.
1274 silly tarball no local data for ts-jest@https://registry.npmjs.org/ts-jest/-/ts-jest-29.4.5.tgz. Extracting by manifest.
1275 silly tarball no local data for @radix-ui/react-avatar@https://registry.npmjs.org/@radix-ui/react-avatar/-/react-avatar-1.1.2.tgz. Extracting by manifest.
1276 silly tarball no local data for ts-node@https://registry.npmjs.org/ts-node/-/ts-node-10.9.2.tgz. Extracting by manifest.
1277 silly tarball no local data for @radix-ui/react-alert-dialog@https://registry.npmjs.org/@radix-ui/react-alert-dialog/-/react-alert-dialog-1.1.4.tgz. Extracting by manifest.
1278 silly tarball no local data for vaul@https://registry.npmjs.org/vaul/-/vaul-1.1.2.tgz. Extracting by manifest.
1279 silly tarball no local data for tailwindcss-animate@https://registry.npmjs.org/tailwindcss-animate/-/tailwindcss-animate-1.0.7.tgz. Extracting by manifest.
1280 silly tarball no local data for zod@https://registry.npmjs.org/zod/-/zod-3.25.76.tgz. Extracting by manifest.
1281 silly tarball no local data for tw-animate-css@https://registry.npmjs.org/tw-animate-css/-/tw-animate-css-1.3.3.tgz. Extracting by manifest.
1282 silly tarball no local data for cmdk@https://registry.npmjs.org/cmdk/-/cmdk-1.0.4.tgz. Extracting by manifest.
1283 silly tarball no local data for typescript@https://registry.npmjs.org/typescript/-/typescript-5.9.3.tgz. Extracting by manifest.
1284 silly tarball no local data for react-hook-form@https://registry.npmjs.org/react-hook-form/-/react-hook-form-7.65.0.tgz. Extracting by manifest.
1285 silly tarball no local data for sonner@https://registry.npmjs.org/sonner/-/sonner-1.7.4.tgz. Extracting by manifest.
1286 silly tarball no local data for react-day-picker@https://registry.npmjs.org/react-day-picker/-/react-day-picker-9.8.0.tgz. Extracting by manifest.
1287 silly tarball no local data for recharts@https://registry.npmjs.org/recharts/-/recharts-2.15.4.tgz. Extracting by manifest.
1288 silly tarball no local data for tailwindcss@https://registry.npmjs.org/tailwindcss/-/tailwindcss-4.1.14.tgz. Extracting by manifest.
1289 silly tarball no local data for tailwind-merge@https://registry.npmjs.org/tailwind-merge/-/tailwind-merge-2.6.0.tgz. Extracting by manifest.
1290 silly tarball no local data for date-fns@https://registry.npmjs.org/date-fns/-/date-fns-3.6.0.tgz. Extracting by manifest.
1291 silly tarball no local data for react-resizable-panels@https://registry.npmjs.org/react-resizable-panels/-/react-resizable-panels-2.1.9.tgz. Extracting by manifest.
1292 silly tarball no local data for react-dom@https://registry.npmjs.org/react-dom/-/react-dom-19.2.0.tgz. Extracting by manifest.
1293 silly tarball no local data for jest-environment-jsdom@https://registry.npmjs.org/jest-environment-jsdom/-/jest-environment-jsdom-29.7.0.tgz. Extracting by manifest.
1294 silly tarball no local data for react@https://registry.npmjs.org/react/-/react-19.2.0.tgz. Extracting by manifest.
1295 silly tarball no local data for next-themes@https://registry.npmjs.org/next-themes/-/next-themes-0.4.6.tgz. Extracting by manifest.
1296 silly tarball no local data for postcss@https://registry.npmjs.org/postcss/-/postcss-8.5.6.tgz. Extracting by manifest.
1297 silly tarball no local data for jest@https://registry.npmjs.org/jest/-/jest-29.7.0.tgz. Extracting by manifest.
1298 silly tarball no local data for lucide-react@https://registry.npmjs.org/lucide-react/-/lucide-react-0.454.0.tgz. Extracting by manifest.
1299 silly tarball no local data for framer-motion@https://registry.npmjs.org/framer-motion/-/framer-motion-12.23.24.tgz. Extracting by manifest.
1300 silly tarball no local data for autoprefixer@https://registry.npmjs.org/autoprefixer/-/autoprefixer-10.4.21.tgz. Extracting by manifest.
1301 silly tarball no local data for next@https://registry.npmjs.org/next/-/next-15.5.6.tgz. Extracting by manifest.
1302 silly tarball no local data for input-otp@https://registry.npmjs.org/input-otp/-/input-otp-1.4.1.tgz. Extracting by manifest.
1303 silly tarball no local data for embla-carousel-react@https://registry.npmjs.org/embla-carousel-react/-/embla-carousel-react-8.5.1.tgz. Extracting by manifest.
1304 silly tarball no local data for clsx@https://registry.npmjs.org/clsx/-/clsx-2.1.1.tgz. Extracting by manifest.
1305 silly tarball no local data for class-variance-authority@https://registry.npmjs.org/class-variance-authority/-/class-variance-authority-0.7.1.tgz. Extracting by manifest.
1306 silly tarball no local data for webidl-conversions@https://registry.npmjs.org/webidl-conversions/-/webidl-conversions-3.0.1.tgz. Extracting by manifest.
1307 silly tarball no local data for react-is@https://registry.npmjs.org/react-is/-/react-is-16.13.1.tgz. Extracting by manifest.
1308 silly tarball no local data for react-is@https://registry.npmjs.org/react-is/-/react-is-17.0.2.tgz. Extracting by manifest.
1309 silly tarball no local data for ansi-styles@https://registry.npmjs.org/ansi-styles/-/ansi-styles-5.2.0.tgz. Extracting by manifest.
1310 silly tarball no local data for p-limit@https://registry.npmjs.org/p-limit/-/p-limit-2.3.0.tgz. Extracting by manifest.
1311 silly tarball no local data for yallist@https://registry.npmjs.org/yallist/-/yallist-3.1.1.tgz. Extracting by manifest.
1312 silly tarball no local data for whatwg-url@https://registry.npmjs.org/whatwg-url/-/whatwg-url-11.0.0.tgz. Extracting by manifest.
1313 silly tarball no local data for supports-color@https://registry.npmjs.org/supports-color/-/supports-color-8.1.1.tgz. Extracting by manifest.
1314 silly tarball no local data for tr46@https://registry.npmjs.org/tr46/-/tr46-3.0.0.tgz. Extracting by manifest.
1315 silly tarball no local data for pretty-format@https://registry.npmjs.org/pretty-format/-/pretty-format-29.7.0.tgz. Extracting by manifest.
1316 silly tarball no local data for camelcase@https://registry.npmjs.org/camelcase/-/camelcase-6.3.0.tgz. Extracting by manifest.
1317 silly tarball no local data for ansi-styles@https://registry.npmjs.org/ansi-styles/-/ansi-styles-5.2.0.tgz. Extracting by manifest.
1318 silly tarball no local data for ansi-styles@https://registry.npmjs.org/ansi-styles/-/ansi-styles-5.2.0.tgz. Extracting by manifest.
1319 silly tarball no local data for pretty-format@https://registry.npmjs.org/pretty-format/-/pretty-format-29.7.0.tgz. Extracting by manifest.
1320 silly tarball no local data for pretty-format@https://registry.npmjs.org/pretty-format/-/pretty-format-29.7.0.tgz. Extracting by manifest.
1321 silly tarball no local data for pretty-format@https://registry.npmjs.org/pretty-format/-/pretty-format-29.7.0.tgz. Extracting by manifest.
1322 silly tarball no local data for ansi-styles@https://registry.npmjs.org/ansi-styles/-/ansi-styles-5.2.0.tgz. Extracting by manifest.
1323 silly tarball no local data for pretty-format@https://registry.npmjs.org/pretty-format/-/pretty-format-29.7.0.tgz. Extracting by manifest.
1324 silly tarball no local data for ansi-styles@https://registry.npmjs.org/ansi-styles/-/ansi-styles-5.2.0.tgz. Extracting by manifest.
1325 silly tarball no local data for ansi-styles@https://registry.npmjs.org/ansi-styles/-/ansi-styles-5.2.0.tgz. Extracting by manifest.
1326 silly tarball no local data for pretty-format@https://registry.npmjs.org/pretty-format/-/pretty-format-29.7.0.tgz. Extracting by manifest.
1327 silly tarball no local data for ansi-styles@https://registry.npmjs.org/ansi-styles/-/ansi-styles-5.2.0.tgz. Extracting by manifest.
1328 silly tarball no local data for pretty-format@https://registry.npmjs.org/pretty-format/-/pretty-format-29.7.0.tgz. Extracting by manifest.
1329 silly tarball no local data for ansi-styles@https://registry.npmjs.org/ansi-styles/-/ansi-styles-5.2.0.tgz. Extracting by manifest.
1330 silly tarball no local data for ansi-styles@https://registry.npmjs.org/ansi-styles/-/ansi-styles-5.2.0.tgz. Extracting by manifest.
1331 silly tarball no local data for jest-config@https://registry.npmjs.org/jest-config/-/jest-config-29.7.0.tgz. Extracting by manifest.
1332 silly tarball no local data for pretty-format@https://registry.npmjs.org/pretty-format/-/pretty-format-29.7.0.tgz. Extracting by manifest.
1333 silly tarball no local data for pretty-format@https://registry.npmjs.org/pretty-format/-/pretty-format-29.7.0.tgz. Extracting by manifest.
1334 silly tarball no local data for ansi-styles@https://registry.npmjs.org/ansi-styles/-/ansi-styles-5.2.0.tgz. Extracting by manifest.
1335 silly tarball no local data for is-arrayish@https://registry.npmjs.org/is-arrayish/-/is-arrayish-0.2.1.tgz. Extracting by manifest.
1336 silly tarball no local data for whatwg-url@https://registry.npmjs.org/whatwg-url/-/whatwg-url-11.0.0.tgz. Extracting by manifest.
1337 silly tarball no local data for cssom@https://registry.npmjs.org/cssom/-/cssom-0.3.8.tgz. Extracting by manifest.
1338 silly tarball no local data for pretty-format@https://registry.npmjs.org/pretty-format/-/pretty-format-29.7.0.tgz. Extracting by manifest.
1339 silly tarball no local data for ansi-styles@https://registry.npmjs.org/ansi-styles/-/ansi-styles-5.2.0.tgz. Extracting by manifest.
1340 silly tarball no local data for jest-config@https://registry.npmjs.org/jest-config/-/jest-config-29.7.0.tgz. Extracting by manifest.
1341 silly tarball no local data for tr46@https://registry.npmjs.org/tr46/-/tr46-3.0.0.tgz. Extracting by manifest.
1342 silly tarball no local data for semver@https://registry.npmjs.org/semver/-/semver-6.3.1.tgz. Extracting by manifest.
1343 silly tarball no local data for istanbul-lib-instrument@https://registry.npmjs.org/istanbul-lib-instrument/-/istanbul-lib-instrument-5.2.1.tgz. Extracting by manifest.
1344 silly tarball no local data for pretty-format@https://registry.npmjs.org/pretty-format/-/pretty-format-29.7.0.tgz. Extracting by manifest.
1345 silly tarball no local data for ansi-styles@https://registry.npmjs.org/ansi-styles/-/ansi-styles-5.2.0.tgz. Extracting by manifest.
1346 silly tarball no local data for jest-config@https://registry.npmjs.org/jest-config/-/jest-config-29.7.0.tgz. Extracting by manifest.
1347 silly tarball no local data for semver@https://registry.npmjs.org/semver/-/semver-6.3.1.tgz. Extracting by manifest.
1348 silly tarball no local data for @jridgewell/trace-mapping@https://registry.npmjs.org/@jridgewell/trace-mapping/-/trace-mapping-0.3.9.tgz. Extracting by manifest.
1349 silly tarball no local data for semver@https://registry.npmjs.org/semver/-/semver-6.3.1.tgz. Extracting by manifest.
1350 silly tarball no local data for pretty-format@https://registry.npmjs.org/pretty-format/-/pretty-format-29.7.0.tgz. Extracting by manifest.
1351 silly tarball no local data for ansi-styles@https://registry.npmjs.org/ansi-styles/-/ansi-styles-5.2.0.tgz. Extracting by manifest.
1352 silly tarball no local data for dom-accessibility-api@https://registry.npmjs.org/dom-accessibility-api/-/dom-accessibility-api-0.6.3.tgz. Extracting by manifest.
1353 silly tarball no local data for type-fest@https://registry.npmjs.org/type-fest/-/type-fest-4.41.0.tgz. Extracting by manifest.
1354 silly tarball no local data for date-fns@https://registry.npmjs.org/date-fns/-/date-fns-4.1.0.tgz. Extracting by manifest.
1355 silly tarball no local data for postcss@https://registry.npmjs.org/postcss/-/postcss-8.4.31.tgz. Extracting by manifest.
1356 silly tarball no local data for agent-base@https://registry.npmjs.org/agent-base/-/agent-base-6.0.2.tgz. Extracting by manifest.
1357 http fetch GET 200 https://registry.npmjs.org/wrappy/-/wrappy-1.0.2.tgz 650ms (cache miss)
1358 http fetch GET 200 https://registry.npmjs.org/wrap-ansi/-/wrap-ansi-7.0.0.tgz 651ms (cache miss)
1359 http fetch GET 200 https://registry.npmjs.org/yn/-/yn-3.1.1.tgz 657ms (cache miss)
1360 http fetch GET 200 https://registry.npmjs.org/which/-/which-2.0.2.tgz 655ms (cache miss)
1361 http fetch GET 200 https://registry.npmjs.org/y18n/-/y18n-5.0.8.tgz 662ms (cache miss)
1362 http fetch GET 200 https://registry.npmjs.org/xml-name-validator/-/xml-name-validator-4.0.0.tgz 669ms (cache miss)
1363 http fetch GET 200 https://registry.npmjs.org/yocto-queue/-/yocto-queue-0.1.0.tgz 672ms (cache miss)
1364 http fetch GET 200 https://registry.npmjs.org/write-file-atomic/-/write-file-atomic-4.0.2.tgz 668ms (cache miss)
1365 http fetch GET 200 https://registry.npmjs.org/whatwg-encoding/-/whatwg-encoding-2.0.0.tgz 709ms (cache miss)
1366 http fetch GET 200 https://registry.npmjs.org/walker/-/walker-1.0.8.tgz 710ms (cache miss)
1367 http fetch GET 200 https://registry.npmjs.org/update-browserslist-db/-/update-browserslist-db-1.1.3.tgz 715ms (cache miss)
1368 http fetch GET 200 https://registry.npmjs.org/v8-compile-cache-lib/-/v8-compile-cache-lib-3.0.1.tgz 748ms (cache miss)
1369 http fetch GET 200 https://registry.npmjs.org/w3c-xmlserializer/-/w3c-xmlserializer-4.0.0.tgz 765ms (cache miss)
1370 http fetch GET 200 https://registry.npmjs.org/wordwrap/-/wordwrap-1.0.0.tgz 768ms (cache miss)
1371 http fetch GET 200 https://registry.npmjs.org/webidl-conversions/-/webidl-conversions-7.0.0.tgz 781ms (cache miss)
1372 http fetch GET 200 https://registry.npmjs.org/whatwg-mimetype/-/whatwg-mimetype-3.0.0.tgz 791ms (cache miss)
1373 http fetch GET 200 https://registry.npmjs.org/use-sync-external-store/-/use-sync-external-store-1.6.0.tgz 785ms (cache miss)
1374 http fetch GET 200 https://registry.npmjs.org/universalify/-/universalify-0.2.0.tgz 785ms (cache miss)
1375 http fetch GET 200 https://registry.npmjs.org/test-exclude/-/test-exclude-6.0.0.tgz 805ms (cache miss)
1376 http fetch GET 200 https://registry.npmjs.org/tmpl/-/tmpl-1.0.5.tgz 806ms (cache miss)
1377 http fetch GET 200 https://registry.npmjs.org/yallist/-/yallist-5.0.0.tgz 822ms (cache miss)
1378 http fetch GET 200 https://registry.npmjs.org/whatwg-url/-/whatwg-url-5.0.0.tgz 828ms (cache miss)
1379 http fetch GET 200 https://registry.npmjs.org/tiny-invariant/-/tiny-invariant-1.3.3.tgz 845ms (cache miss)
1380 http fetch GET 200 https://registry.npmjs.org/type-detect/-/type-detect-4.0.8.tgz 862ms (cache miss)
1381 http fetch GET 200 https://registry.npmjs.org/strip-final-newline/-/strip-final-newline-2.0.0.tgz 871ms (cache miss)
1382 http fetch GET 200 https://registry.npmjs.org/strip-ansi/-/strip-ansi-6.0.1.tgz 871ms (cache miss)
1383 http fetch GET 200 https://registry.npmjs.org/strip-indent/-/strip-indent-3.0.0.tgz 872ms (cache miss)
1384 http fetch GET 200 https://registry.npmjs.org/v8-to-istanbul/-/v8-to-istanbul-9.3.0.tgz 883ms (cache miss)
1385 http fetch GET 200 https://registry.npmjs.org/strip-json-comments/-/strip-json-comments-3.1.1.tgz 886ms (cache miss)
1386 http fetch GET 200 https://registry.npmjs.org/string-length/-/string-length-4.0.2.tgz 886ms (cache miss)
1387 http fetch GET 200 https://registry.npmjs.org/to-regex-range/-/to-regex-range-5.0.1.tgz 892ms (cache miss)
1388 http fetch GET 200 https://registry.npmjs.org/supports-preserve-symlinks-flag/-/supports-preserve-symlinks-flag-1.0.0.tgz 890ms (cache miss)
1389 http fetch GET 200 https://registry.npmjs.org/supports-color/-/supports-color-7.2.0.tgz 890ms (cache miss)
1390 http fetch GET 200 https://registry.npmjs.org/yargs-parser/-/yargs-parser-21.1.1.tgz 916ms (cache miss)
1391 http fetch GET 200 https://registry.npmjs.org/string-width/-/string-width-4.2.3.tgz 910ms (cache miss)
1392 http fetch GET 200 https://registry.npmjs.org/xmlchars/-/xmlchars-2.2.0.tgz 927ms (cache miss)
1393 http fetch GET 200 https://registry.npmjs.org/sprintf-js/-/sprintf-js-1.0.3.tgz 926ms (cache miss)
1394 http fetch GET 200 https://registry.npmjs.org/strip-bom/-/strip-bom-4.0.0.tgz 926ms (cache miss)
1395 http fetch GET 200 https://registry.npmjs.org/url-parse/-/url-parse-1.5.10.tgz 942ms (cache miss)
1396 http fetch GET 200 https://registry.npmjs.org/slash/-/slash-3.0.0.tgz 944ms (cache miss)
1397 http fetch GET 200 https://registry.npmjs.org/symbol-tree/-/symbol-tree-3.2.4.tgz 950ms (cache miss)
1398 http fetch GET 200 https://registry.npmjs.org/shebang-regex/-/shebang-regex-3.0.0.tgz 949ms (cache miss)
1399 http fetch GET 200 https://registry.npmjs.org/shebang-command/-/shebang-command-2.0.0.tgz 949ms (cache miss)
1400 http fetch GET 200 https://registry.npmjs.org/sisteransi/-/sisteransi-1.0.5.tgz 953ms (cache miss)
1401 http fetch GET 200 https://registry.npmjs.org/stack-utils/-/stack-utils-2.0.6.tgz 962ms (cache miss)
1402 http fetch GET 200 https://registry.npmjs.org/signal-exit/-/signal-exit-3.0.7.tgz 961ms (cache miss)
1403 http fetch GET 200 https://registry.npmjs.org/safer-buffer/-/safer-buffer-2.1.2.tgz 971ms (cache miss)
1404 http fetch GET 200 https://registry.npmjs.org/resolve.exports/-/resolve.exports-2.0.3.tgz 978ms (cache miss)
1405 http fetch GET 200 https://registry.npmjs.org/resolve-from/-/resolve-from-5.0.0.tgz 996ms (cache miss)
1406 http fetch GET 200 https://registry.npmjs.org/requires-port/-/requires-port-1.0.0.tgz 996ms (cache miss)
1407 http fetch GET 200 https://registry.npmjs.org/resolve-cwd/-/resolve-cwd-3.0.0.tgz 998ms (cache miss)
1408 http fetch GET 200 https://registry.npmjs.org/react-remove-scroll-bar/-/react-remove-scroll-bar-2.3.8.tgz 1006ms (cache miss)
1409 http fetch GET 200 https://registry.npmjs.org/redent/-/redent-3.0.0.tgz 1022ms (cache miss)
1410 http fetch GET 200 https://registry.npmjs.org/require-directory/-/require-directory-2.1.1.tgz 1023ms (cache miss)
1411 http fetch GET 200 https://registry.npmjs.org/querystringify/-/querystringify-2.2.0.tgz 1054ms (cache miss)
1412 http fetch GET 200 https://registry.npmjs.org/tslib/-/tslib-2.8.1.tgz 1079ms (cache miss)
1413 http fetch GET 200 https://registry.npmjs.org/punycode/-/punycode-2.3.1.tgz 1067ms (cache miss)
1414 http fetch GET 200 https://registry.npmjs.org/pkg-dir/-/pkg-dir-4.2.0.tgz 1067ms (cache miss)
1415 http fetch GET 200 https://registry.npmjs.org/tapable/-/tapable-2.3.0.tgz 1104ms (cache miss)
1416 http fetch GET 200 https://registry.npmjs.org/react-is/-/react-is-18.3.1.tgz 1094ms (cache miss)
1417 http fetch GET 200 https://registry.npmjs.org/ws/-/ws-8.18.3.tgz 1221ms (cache miss)
1418 http fetch GET 200 https://registry.npmjs.org/path-key/-/path-key-3.1.1.tgz 1202ms (cache miss)
1419 http fetch GET 200 https://registry.npmjs.org/postcss-value-parser/-/postcss-value-parser-4.2.0.tgz 1239ms (cache miss)
1420 http fetch GET 200 https://registry.npmjs.org/pirates/-/pirates-4.0.7.tgz 1241ms (cache miss)
1421 http fetch GET 200 https://registry.npmjs.org/server-only/-/server-only-0.0.1.tgz 1249ms (cache miss)
1422 http fetch GET 200 https://registry.npmjs.org/picocolors/-/picocolors-1.1.1.tgz 1254ms (cache miss)
1423 http fetch GET 200 https://registry.npmjs.org/path-is-absolute/-/path-is-absolute-1.0.1.tgz 1254ms (cache miss)
1424 http fetch GET 200 https://registry.npmjs.org/path-parse/-/path-parse-1.0.7.tgz 1255ms (cache miss)
1425 http fetch POST 200 https://registry.npmjs.org/-/npm/v1/security/advisories/bulk 1489ms
1426 silly audit report {
1426 silly audit report   'js-yaml': [
1426 silly audit report     {
1426 silly audit report       id: 1109754,
1426 silly audit report       url: 'https://github.com/advisories/GHSA-mh29-5h37-fv8m',
1426 silly audit report       title: 'js-yaml has prototype pollution in merge (<<)',
1426 silly audit report       severity: 'moderate',
1426 silly audit report       vulnerable_versions: '<4.1.1',
1426 silly audit report       cwe: [Array],
1426 silly audit report       cvss: [Object]
1426 silly audit report     }
1426 silly audit report   ],
1426 silly audit report   tar: [
1426 silly audit report     {
1426 silly audit report       id: 1109463,
1426 silly audit report       url: 'https://github.com/advisories/GHSA-29xp-372q-xqph',
1426 silly audit report       title: 'node-tar has a race condition leading to uninitialized memory exposure',
1426 silly audit report       severity: 'moderate',
1426 silly audit report       vulnerable_versions: '=7.5.1',
1426 silly audit report       cwe: [Array],
1426 silly audit report       cvss: [Object]
1426 silly audit report     }
1426 silly audit report   ]
1426 silly audit report }
1427 silly packumentCache corgi:https://registry.npmjs.org/js-yaml cache-miss
1428 silly packumentCache corgi:https://registry.npmjs.org/tar cache-miss
1429 http fetch GET 200 https://registry.npmjs.org/p-limit/-/p-limit-3.1.0.tgz 1273ms (cache miss)
1430 http fetch GET 200 https://registry.npmjs.org/path-exists/-/path-exists-4.0.0.tgz 1275ms (cache miss)
1431 http fetch GET 200 https://registry.npmjs.org/p-try/-/p-try-2.2.0.tgz 1275ms (cache miss)
1432 http fetch GET 200 https://registry.npmjs.org/p-locate/-/p-locate-4.1.0.tgz 1284ms (cache miss)
1433 http fetch GET 200 https://registry.npmjs.org/parse-json/-/parse-json-5.2.0.tgz 1285ms (cache miss)
1434 http fetch GET 200 https://registry.npmjs.org/onetime/-/onetime-5.1.2.tgz 1295ms (cache miss)
1435 http fetch GET 200 https://registry.npmjs.org/tough-cookie/-/tough-cookie-4.1.4.tgz 1324ms (cache miss)
1436 http fetch GET 200 https://registry.npmjs.org/once/-/once-1.4.0.tgz 1309ms (cache miss)
1437 http fetch GET 200 https://registry.npmjs.org/normalize-path/-/normalize-path-3.0.0.tgz 1307ms (cache miss)
1438 http fetch GET 200 https://registry.npmjs.org/scheduler/-/scheduler-0.27.0.tgz 1324ms (cache miss)
1439 http fetch GET 200 https://registry.npmjs.org/normalize-range/-/normalize-range-0.1.2.tgz 1317ms (cache miss)
1440 http fetch GET 200 https://registry.npmjs.org/npm-run-path/-/npm-run-path-4.0.1.tgz 1318ms (cache miss)
1441 http fetch GET 200 https://registry.npmjs.org/source-map-support/-/source-map-support-0.5.13.tgz 1340ms (cache miss)
1442 http fetch GET 200 https://registry.npmjs.org/object-assign/-/object-assign-4.1.1.tgz 1338ms (cache miss)
1443 http fetch GET 200 https://registry.npmjs.org/node-releases/-/node-releases-2.0.25.tgz 1337ms (cache miss)
1444 http fetch GET 200 https://registry.npmjs.org/node-int64/-/node-int64-0.4.0.tgz 1337ms (cache miss)
1445 http fetch GET 200 https://registry.npmjs.org/natural-compare/-/natural-compare-1.4.0.tgz 1349ms (cache miss)
1446 http fetch GET 200 https://registry.npmjs.org/saxes/-/saxes-6.0.0.tgz 1361ms (cache miss)
1447 http fetch GET 200 https://registry.npmjs.org/prop-types/-/prop-types-15.8.1.tgz 1372ms (cache miss)
1448 http fetch GET 200 https://registry.npmjs.org/motion-utils/-/motion-utils-12.23.6.tgz 1366ms (cache miss)
1449 http fetch GET 200 https://registry.npmjs.org/source-map-js/-/source-map-js-1.2.1.tgz 1386ms (cache miss)
1450 http fetch GET 200 https://registry.npmjs.org/ms/-/ms-2.1.3.tgz 1377ms (cache miss)
1451 http fetch GET 200 https://registry.npmjs.org/undici-types/-/undici-types-6.21.0.tgz 1405ms (cache miss)
1452 http fetch GET 200 https://registry.npmjs.org/mimic-fn/-/mimic-fn-2.1.0.tgz 1392ms (cache miss)
1453 http fetch GET 200 https://registry.npmjs.org/minimatch/-/minimatch-3.1.2.tgz 1393ms (cache miss)
1454 http fetch GET 200 https://registry.npmjs.org/mime-types/-/mime-types-2.1.35.tgz 1412ms (cache miss)
1455 http fetch GET 200 https://registry.npmjs.org/min-indent/-/min-indent-1.0.1.tgz 1413ms (cache miss)
1456 http fetch GET 200 https://registry.npmjs.org/tr46/-/tr46-0.0.3.tgz 1441ms (cache miss)
1457 http fetch GET 200 https://registry.npmjs.org/picomatch/-/picomatch-2.3.1.tgz 1428ms (cache miss)
1458 http fetch GET 200 https://registry.npmjs.org/loose-envify/-/loose-envify-1.4.0.tgz 1430ms (cache miss)
1459 http fetch GET 200 https://registry.npmjs.org/lines-and-columns/-/lines-and-columns-1.2.4.tgz 1431ms (cache miss)
1460 http fetch GET 200 https://registry.npmjs.org/merge-stream/-/merge-stream-2.0.0.tgz 1444ms (cache miss)
1461 http fetch GET 200 https://registry.npmjs.org/makeerror/-/makeerror-1.0.12.tgz 1444ms (cache miss)
1462 http fetch GET 200 https://registry.npmjs.org/lru-cache/-/lru-cache-5.1.1.tgz 1443ms (cache miss)
1463 http fetch GET 200 https://registry.npmjs.org/locate-path/-/locate-path-5.0.0.tgz 1444ms (cache miss)
1464 http fetch GET 200 https://registry.npmjs.org/react-style-singleton/-/react-style-singleton-2.2.3.tgz 1463ms (cache miss)
1465 http fetch GET 200 https://registry.npmjs.org/micromatch/-/micromatch-4.0.8.tgz 1468ms (cache miss)
1466 http fetch GET 200 https://registry.npmjs.org/make-dir/-/make-dir-4.0.0.tgz 1486ms (cache miss)
1467 http fetch GET 200 https://registry.npmjs.org/leven/-/leven-3.1.0.tgz 1483ms (cache miss)
1468 http fetch GET 200 https://registry.npmjs.org/kleur/-/kleur-3.0.3.tgz 1503ms (cache miss)
1469 http fetch GET 200 https://registry.npmjs.org/lodash.memoize/-/lodash.memoize-4.1.2.tgz 1519ms (cache miss)
1470 http fetch GET 200 https://registry.npmjs.org/make-error/-/make-error-1.3.6.tgz 1522ms (cache miss)
1471 http fetch GET 200 https://registry.npmjs.org/jsesc/-/jsesc-3.1.0.tgz 1519ms (cache miss)
1472 http fetch GET 200 https://registry.npmjs.org/json-parse-even-better-errors/-/json-parse-even-better-errors-2.3.1.tgz 1519ms (cache miss)
1473 http fetch GET 200 https://registry.npmjs.org/nwsapi/-/nwsapi-2.2.22.tgz 1543ms (cache miss)
1474 http fetch GET 200 https://registry.npmjs.org/pretty-format/-/pretty-format-27.5.1.tgz 1549ms (cache miss)
1475 http fetch GET 200 https://registry.npmjs.org/use-sidecar/-/use-sidecar-1.1.3.tgz 1568ms (cache miss)
1476 http fetch GET 200 https://registry.npmjs.org/js-tokens/-/js-tokens-4.0.0.tgz 1547ms (cache miss)
1477 http fetch GET 200 https://registry.npmjs.org/jest-watcher/-/jest-watcher-29.7.0.tgz 1553ms (cache miss)
1478 http fetch GET 200 https://registry.npmjs.org/recharts-scale/-/recharts-scale-0.4.5.tgz 1604ms (cache miss)
1479 http fetch GET 200 https://registry.npmjs.org/jest-resolve-dependencies/-/jest-resolve-dependencies-29.7.0.tgz 1589ms (cache miss)
1480 http fetch GET 200 https://registry.npmjs.org/jest-resolve/-/jest-resolve-29.7.0.tgz 1590ms (cache miss)
1481 http fetch GET 200 https://registry.npmjs.org/jest-util/-/jest-util-29.7.0.tgz 1606ms (cache miss)
1482 http fetch GET 200 https://registry.npmjs.org/jest-regex-util/-/jest-regex-util-29.6.3.tgz 1606ms (cache miss)
1483 http fetch GET 200 https://registry.npmjs.org/jest-runtime/-/jest-runtime-29.7.0.tgz 1609ms (cache miss)
1484 http fetch GET 200 https://registry.npmjs.org/mime-db/-/mime-db-1.52.0.tgz 1622ms (cache miss)
1485 http fetch GET 200 https://registry.npmjs.org/jest-pnp-resolver/-/jest-pnp-resolver-1.2.3.tgz 1616ms (cache miss)
1486 http fetch GET 200 https://registry.npmjs.org/jest-each/-/jest-each-29.7.0.tgz 1611ms (cache miss)
1487 http fetch GET 200 https://registry.npmjs.org/jest-validate/-/jest-validate-29.7.0.tgz 1619ms (cache miss)
1488 http fetch GET 200 https://registry.npmjs.org/jest-leak-detector/-/jest-leak-detector-29.7.0.tgz 1621ms (cache miss)
1489 http fetch GET 200 https://registry.npmjs.org/nanoid/-/nanoid-3.3.11.tgz 1645ms (cache miss)
1490 http fetch GET 200 https://registry.npmjs.org/use-callback-ref/-/use-callback-ref-1.3.3.tgz 1675ms (cache miss)
1491 http fetch GET 200 https://registry.npmjs.org/jest-matcher-utils/-/jest-matcher-utils-29.7.0.tgz 1639ms (cache miss)
1492 http fetch GET 200 https://registry.npmjs.org/jest-environment-node/-/jest-environment-node-29.7.0.tgz 1639ms (cache miss)
1493 http fetch GET 200 https://registry.npmjs.org/jest-get-type/-/jest-get-type-29.6.3.tgz 1640ms (cache miss)
1494 http fetch GET 200 https://registry.npmjs.org/jest-changed-files/-/jest-changed-files-29.7.0.tgz 1635ms (cache miss)
1495 http fetch GET 200 https://registry.npmjs.org/jest-runner/-/jest-runner-29.7.0.tgz 1662ms (cache miss)
1496 http fetch GET 200 https://registry.npmjs.org/jest-message-util/-/jest-message-util-29.7.0.tgz 1665ms (cache miss)
1497 http fetch GET 200 https://registry.npmjs.org/jest-mock/-/jest-mock-29.7.0.tgz 1666ms (cache miss)
1498 http fetch GET 200 https://registry.npmjs.org/minimist/-/minimist-1.2.8.tgz 1695ms (cache miss)
1499 http fetch GET 200 https://registry.npmjs.org/jest-cli/-/jest-cli-29.7.0.tgz 1681ms (cache miss)
1500 http fetch GET 200 https://registry.npmjs.org/istanbul-lib-report/-/istanbul-lib-report-3.0.1.tgz 1719ms (cache miss)
1501 http fetch GET 200 https://registry.npmjs.org/istanbul-lib-coverage/-/istanbul-lib-coverage-3.2.2.tgz 1719ms (cache miss)
1502 http fetch GET 200 https://registry.npmjs.org/jest-docblock/-/jest-docblock-29.7.0.tgz 1744ms (cache miss)
1503 http fetch GET 200 https://registry.npmjs.org/is-fullwidth-code-point/-/is-fullwidth-code-point-3.0.0.tgz 1740ms (cache miss)
1504 http fetch GET 200 https://registry.npmjs.org/is-potential-custom-element-name/-/is-potential-custom-element-name-1.0.1.tgz 1744ms (cache miss)
1505 http fetch GET 200 https://registry.npmjs.org/jest-snapshot/-/jest-snapshot-29.7.0.tgz 1758ms (cache miss)
1506 http fetch GET 200 https://registry.npmjs.org/istanbul-lib-source-maps/-/istanbul-lib-source-maps-4.0.1.tgz 1750ms (cache miss)
1507 http fetch GET 200 https://registry.npmjs.org/is-number/-/is-number-7.0.0.tgz 1757ms (cache miss)
1508 http fetch GET 200 https://registry.npmjs.org/inflight/-/inflight-1.0.6.tgz 1760ms (cache miss)
1509 warn deprecated inflight@1.0.6: This module is not supported, and leaks memory. Do not use it. Check out lru-cache if you want a good and tested way to coalesce async requests by a key value, which is much more comprehensive and powerful.
1510 http fetch GET 200 https://registry.npmjs.org/is-core-module/-/is-core-module-2.16.1.tgz 1777ms (cache miss)
1511 http fetch GET 200 https://registry.npmjs.org/internmap/-/internmap-2.0.3.tgz 1777ms (cache miss)
1512 http fetch GET 200 https://registry.npmjs.org/isexe/-/isexe-2.0.0.tgz 1805ms (cache miss)
1513 http fetch GET 200 https://registry.npmjs.org/is-stream/-/is-stream-2.0.1.tgz 1804ms (cache miss)
1514 http fetch GET 200 https://registry.npmjs.org/is-generator-fn/-/is-generator-fn-2.1.0.tgz 1804ms (cache miss)
1515 http fetch GET 200 https://registry.npmjs.org/istanbul-lib-instrument/-/istanbul-lib-instrument-6.0.3.tgz 1805ms (cache miss)
1516 http fetch GET 200 https://registry.npmjs.org/import-local/-/import-local-3.2.0.tgz 1806ms (cache miss)
1517 http fetch GET 200 https://registry.npmjs.org/jest-worker/-/jest-worker-29.7.0.tgz 1822ms (cache miss)
1518 http fetch GET 200 https://registry.npmjs.org/inherits/-/inherits-2.0.4.tgz 1825ms (cache miss)
1519 http fetch GET 200 https://registry.npmjs.org/jest-diff/-/jest-diff-29.7.0.tgz 1847ms (cache miss)
1520 http fetch GET 200 https://registry.npmjs.org/indent-string/-/indent-string-4.0.0.tgz 1844ms (cache miss)
1521 http fetch GET 200 https://registry.npmjs.org/has-flag/-/has-flag-4.0.0.tgz 1842ms (cache miss)
1522 http fetch GET 200 https://registry.npmjs.org/http-proxy-agent/-/http-proxy-agent-5.0.0.tgz 1844ms (cache miss)
1523 http fetch GET 200 https://registry.npmjs.org/https-proxy-agent/-/https-proxy-agent-5.0.1.tgz 1859ms (cache miss)
1524 http fetch GET 200 https://registry.npmjs.org/human-signals/-/human-signals-2.1.0.tgz 1861ms (cache miss)
1525 http fetch GET 200 https://registry.npmjs.org/imurmurhash/-/imurmurhash-0.1.4.tgz 1881ms (cache miss)
1526 http fetch GET 200 https://registry.npmjs.org/get-stream/-/get-stream-6.0.1.tgz 1882ms (cache miss)
1527 http fetch GET 200 https://registry.npmjs.org/html-encoding-sniffer/-/html-encoding-sniffer-3.0.0.tgz 1892ms (cache miss)
1528 http fetch GET 200 https://registry.npmjs.org/html-escaper/-/html-escaper-2.0.2.tgz 1892ms (cache miss)
1529 http fetch GET 200 https://registry.npmjs.org/get-nonce/-/get-nonce-1.0.1.tgz 1890ms (cache miss)
1530 http fetch GET 200 https://registry.npmjs.org/has-tostringtag/-/has-tostringtag-1.0.2.tgz 1894ms (cache miss)
1531 http fetch GET 200 https://registry.npmjs.org/hasown/-/hasown-2.0.2.tgz 1894ms (cache miss)
1532 http fetch GET 200 https://registry.npmjs.org/minizlib/-/minizlib-3.1.0.tgz 1921ms (cache miss)
1533 http fetch GET 200 https://registry.npmjs.org/graceful-fs/-/graceful-fs-4.2.11.tgz 1931ms (cache miss)
1534 http fetch GET 200 https://registry.npmjs.org/get-caller-file/-/get-caller-file-2.0.5.tgz 1930ms (cache miss)
1535 http fetch GET 200 https://registry.npmjs.org/minipass/-/minipass-7.1.2.tgz 1987ms (cache miss)
1536 http fetch GET 200 https://registry.npmjs.org/gopd/-/gopd-1.2.0.tgz 1990ms (cache miss)
1537 http fetch GET 200 https://registry.npmjs.org/function-bind/-/function-bind-1.1.2.tgz 1991ms (cache miss)
1538 http fetch GET 200 https://registry.npmjs.org/get-intrinsic/-/get-intrinsic-1.3.0.tgz 1991ms (cache miss)
1539 http fetch GET 200 https://registry.npmjs.org/math-intrinsics/-/math-intrinsics-1.1.0.tgz 2022ms (cache miss)
1540 http fetch GET 200 https://registry.npmjs.org/type-fest/-/type-fest-0.21.3.tgz 2050ms (cache miss)
1541 http fetch GET 200 https://registry.npmjs.org/fill-range/-/fill-range-7.1.1.tgz 2016ms (cache miss)
1542 http fetch GET 200 https://registry.npmjs.org/glob/-/glob-7.2.3.tgz 2020ms (cache miss)
1543 warn deprecated glob@7.2.3: Glob versions prior to v9 are no longer supported
1544 http fetch GET 200 https://registry.npmjs.org/fs.realpath/-/fs.realpath-1.0.0.tgz 2018ms (cache miss)
1545 http fetch GET 200 https://registry.npmjs.org/get-package-type/-/get-package-type-0.1.0.tgz 2021ms (cache miss)
1546 http fetch GET 200 https://registry.npmjs.org/fb-watchman/-/fb-watchman-2.0.2.tgz 2037ms (cache miss)
1547 http fetch GET 200 https://registry.npmjs.org/gensync/-/gensync-1.0.0-beta.2.tgz 2040ms (cache miss)
1548 http fetch GET 200 https://registry.npmjs.org/has-symbols/-/has-symbols-1.1.0.tgz 2044ms (cache miss)
1549 http fetch GET 200 https://registry.npmjs.org/magic-string/-/magic-string-0.30.19.tgz 2081ms (cache miss)
1550 http fetch GET 200 https://registry.npmjs.org/fraction.js/-/fraction.js-4.3.7.tgz 2071ms (cache miss)
1551 http fetch GET 200 https://registry.npmjs.org/find-up/-/find-up-4.1.0.tgz 2069ms (cache miss)
1552 http fetch GET 200 https://registry.npmjs.org/eventemitter3/-/eventemitter3-4.0.7.tgz 2070ms (cache miss)
1553 http fetch GET 200 https://registry.npmjs.org/form-data/-/form-data-4.0.4.tgz 2073ms (cache miss)
1554 http fetch GET 200 https://registry.npmjs.org/fast-json-stable-stringify/-/fast-json-stable-stringify-2.1.0.tgz 2072ms (cache miss)
1555 http fetch GET 200 https://registry.npmjs.org/esutils/-/esutils-2.0.3.tgz 2071ms (cache miss)
1556 http fetch GET 200 https://registry.npmjs.org/es-object-atoms/-/es-object-atoms-1.1.1.tgz 2074ms (cache miss)
1557 http fetch GET 200 https://registry.npmjs.org/exit/-/exit-0.1.2.tgz 2090ms (cache miss)
1558 http fetch GET 200 https://registry.npmjs.org/estraverse/-/estraverse-5.3.0.tgz 2090ms (cache miss)
1559 http fetch GET 200 https://registry.npmjs.org/error-ex/-/error-ex-1.3.4.tgz 2091ms (cache miss)
1560 http fetch GET 200 https://registry.npmjs.org/es-define-property/-/es-define-property-1.0.1.tgz 2101ms (cache miss)
1561 http fetch GET 200 https://registry.npmjs.org/execa/-/execa-5.1.1.tgz 2106ms (cache miss)
1562 http fetch GET 200 https://registry.npmjs.org/json5/-/json5-2.2.3.tgz 2133ms (cache miss)
1563 http fetch GET 200 https://registry.npmjs.org/emoji-regex/-/emoji-regex-8.0.0.tgz 2109ms (cache miss)
1564 http fetch GET 200 https://registry.npmjs.org/lz-string/-/lz-string-1.5.0.tgz 2165ms (cache miss)
1565 http fetch GET 200 https://registry.npmjs.org/escape-string-regexp/-/escape-string-regexp-2.0.0.tgz 2137ms (cache miss)
1566 http fetch GET 200 https://registry.npmjs.org/escalade/-/escalade-3.2.0.tgz 2142ms (cache miss)
1567 http fetch GET 200 https://registry.npmjs.org/escodegen/-/escodegen-2.1.0.tgz 2159ms (cache miss)
1568 http fetch GET 200 https://registry.npmjs.org/diff-sequences/-/diff-sequences-29.6.3.tgz 2158ms (cache miss)
1569 http fetch GET 200 https://registry.npmjs.org/es-set-tostringtag/-/es-set-tostringtag-2.1.0.tgz 2173ms (cache miss)
1570 http fetch GET 200 https://registry.npmjs.org/domexception/-/domexception-4.0.0.tgz 2172ms (cache miss)
1571 warn deprecated domexception@4.0.0: Use your platform's native DOMException instead
1572 http fetch GET 200 https://registry.npmjs.org/detect-libc/-/detect-libc-2.1.2.tgz 2175ms (cache miss)
1573 http fetch GET 200 https://registry.npmjs.org/jest-circus/-/jest-circus-29.7.0.tgz 2203ms (cache miss)
1574 http fetch GET 200 https://registry.npmjs.org/semver/-/semver-7.7.3.tgz 2241ms (cache miss)
1575 http fetch GET 200 https://registry.npmjs.org/react-transition-group/-/react-transition-group-4.4.5.tgz 2239ms (cache miss)
1576 http fetch GET 200 https://registry.npmjs.org/get-proto/-/get-proto-1.0.1.tgz 2219ms (cache miss)
1577 http fetch GET 200 https://registry.npmjs.org/emittery/-/emittery-0.13.1.tgz 2214ms (cache miss)
1578 http fetch GET 200 https://registry.npmjs.org/delayed-stream/-/delayed-stream-1.0.0.tgz 2211ms (cache miss)
1579 http fetch GET 200 https://registry.npmjs.org/dequal/-/dequal-2.0.3.tgz 2221ms (cache miss)
1580 http fetch GET 200 https://registry.npmjs.org/debug/-/debug-4.4.3.tgz 2221ms (cache miss)
1581 http fetch GET 200 https://registry.npmjs.org/dedent/-/dedent-1.7.0.tgz 2222ms (cache miss)
1582 http fetch GET 200 https://registry.npmjs.org/detect-newline/-/detect-newline-3.1.0.tgz 2225ms (cache miss)
1583 http fetch GET 200 https://registry.npmjs.org/dunder-proto/-/dunder-proto-1.0.1.tgz 2228ms (cache miss)
1584 http fetch GET 200 https://registry.npmjs.org/data-urls/-/data-urls-3.0.2.tgz 2232ms (cache miss)
1585 http fetch GET 200 https://registry.npmjs.org/d3-timer/-/d3-timer-3.0.1.tgz 2236ms (cache miss)
1586 http fetch GET 200 https://registry.npmjs.org/detect-node-es/-/detect-node-es-1.1.0.tgz 2243ms (cache miss)
1587 http fetch GET 200 https://registry.npmjs.org/react-smooth/-/react-smooth-4.0.4.tgz 2292ms (cache miss)
1588 http fetch GET 200 https://registry.npmjs.org/d3-color/-/d3-color-3.1.0.tgz 2244ms (cache miss)
1589 http fetch GET 200 https://registry.npmjs.org/css.escape/-/css.escape-1.5.1.tgz 2245ms (cache miss)
1590 http fetch GET 200 https://registry.npmjs.org/d3-format/-/d3-format-3.1.0.tgz 2267ms (cache miss)
1591 http fetch GET 200 https://registry.npmjs.org/deepmerge/-/deepmerge-4.3.1.tgz 2272ms (cache miss)
1592 http fetch GET 200 https://registry.npmjs.org/fsevents/-/fsevents-2.3.3.tgz 2290ms (cache miss)
1593 http fetch GET 200 https://registry.npmjs.org/yargs/-/yargs-17.7.2.tgz 2355ms (cache miss)
1594 http fetch GET 200 https://registry.npmjs.org/combined-stream/-/combined-stream-1.0.8.tgz 2276ms (cache miss)
1595 http fetch GET 200 https://registry.npmjs.org/color-convert/-/color-convert-2.0.1.tgz 2276ms (cache miss)
1596 http fetch GET 200 https://registry.npmjs.org/client-only/-/client-only-0.0.1.tgz 2275ms (cache miss)
1597 http fetch GET 200 https://registry.npmjs.org/co/-/co-4.6.0.tgz 2275ms (cache miss)
1598 http fetch GET 200 https://registry.npmjs.org/color-name/-/color-name-1.1.4.tgz 2277ms (cache miss)
1599 http fetch GET 200 https://registry.npmjs.org/d3-ease/-/d3-ease-3.0.1.tgz 2286ms (cache miss)
1600 http fetch GET 200 https://registry.npmjs.org/cssom/-/cssom-0.5.0.tgz 2286ms (cache miss)
1601 http fetch GET 200 https://registry.npmjs.org/es-errors/-/es-errors-1.3.0.tgz 2300ms (cache miss)
1602 http fetch GET 200 https://registry.npmjs.org/d3-path/-/d3-path-3.1.0.tgz 2292ms (cache miss)
1603 http fetch GET 200 https://registry.npmjs.org/create-require/-/create-require-1.1.1.tgz 2293ms (cache miss)
1604 http fetch GET 200 https://registry.npmjs.org/create-jest/-/create-jest-29.7.0.tgz 2294ms (cache miss)
1605 http fetch GET 200 https://registry.npmjs.org/expect/-/expect-29.7.0.tgz 2311ms (cache miss)
1606 http fetch GET 200 https://registry.npmjs.org/esprima/-/esprima-4.0.1.tgz 2309ms (cache miss)
1607 http fetch GET 200 https://registry.npmjs.org/convert-source-map/-/convert-source-map-2.0.0.tgz 2297ms (cache miss)
1608 http fetch GET 200 https://registry.npmjs.org/collect-v8-coverage/-/collect-v8-coverage-1.0.3.tgz 2296ms (cache miss)
1609 http fetch GET 200 https://registry.npmjs.org/cross-spawn/-/cross-spawn-7.0.6.tgz 2303ms (cache miss)
1610 http fetch GET 200 https://registry.npmjs.org/cliui/-/cliui-8.0.1.tgz 2308ms (cache miss)
1611 http fetch GET 200 https://registry.npmjs.org/char-regex/-/char-regex-1.0.2.tgz 2308ms (cache miss)
1612 http fetch GET 200 https://registry.npmjs.org/ci-info/-/ci-info-3.9.0.tgz 2308ms (cache miss)
1613 http fetch GET 200 https://registry.npmjs.org/chalk/-/chalk-4.1.2.tgz 2307ms (cache miss)
1614 http fetch GET 200 https://registry.npmjs.org/electron-to-chromium/-/electron-to-chromium-1.5.237.tgz 2324ms (cache miss)
1615 http fetch GET 200 https://registry.npmjs.org/source-map/-/source-map-0.6.1.tgz 2380ms (cache miss)
1616 http fetch GET 200 https://registry.npmjs.org/concat-map/-/concat-map-0.0.1.tgz 2319ms (cache miss)
1617 http fetch GET 200 https://registry.npmjs.org/chownr/-/chownr-3.0.0.tgz 2317ms (cache miss)
1618 http fetch GET 200 https://registry.npmjs.org/buffer-from/-/buffer-from-1.1.2.tgz 2316ms (cache miss)
1619 http fetch GET 200 https://registry.npmjs.org/react-remove-scroll/-/react-remove-scroll-2.7.1.tgz 2383ms (cache miss)
1620 http fetch GET 200 https://registry.npmjs.org/camelcase/-/camelcase-5.3.1.tgz 2326ms (cache miss)
1621 http fetch GET 200 https://registry.npmjs.org/call-bind-apply-helpers/-/call-bind-apply-helpers-1.0.2.tgz 2325ms (cache miss)
1622 http fetch GET 200 https://registry.npmjs.org/browserslist/-/browserslist-4.26.3.tgz 2325ms (cache miss)
1623 http fetch GET 200 https://registry.npmjs.org/brace-expansion/-/brace-expansion-1.1.12.tgz 2326ms (cache miss)
1624 http fetch GET 200 https://registry.npmjs.org/balanced-match/-/balanced-match-1.0.2.tgz 2331ms (cache miss)
1625 http fetch GET 200 https://registry.npmjs.org/babel-preset-current-node-syntax/-/babel-preset-current-node-syntax-1.2.0.tgz 2332ms (cache miss)
1626 http fetch GET 200 https://registry.npmjs.org/d3-time/-/d3-time-3.1.0.tgz 2345ms (cache miss)
1627 http fetch GET 200 https://registry.npmjs.org/cjs-module-lexer/-/cjs-module-lexer-1.4.3.tgz 2344ms (cache miss)
1628 http fetch GET 200 https://registry.npmjs.org/bser/-/bser-2.1.1.tgz 2342ms (cache miss)
1629 http fetch GET 200 https://registry.npmjs.org/callsites/-/callsites-3.1.0.tgz 2344ms (cache miss)
1630 http fetch GET 200 https://registry.npmjs.org/babel-preset-jest/-/babel-preset-jest-29.6.3.tgz 2342ms (cache miss)
1631 http fetch GET 200 https://registry.npmjs.org/babel-plugin-istanbul/-/babel-plugin-istanbul-6.1.1.tgz 2342ms (cache miss)
1632 http fetch GET 200 https://registry.npmjs.org/babel-plugin-jest-hoist/-/babel-plugin-jest-hoist-29.6.3.tgz 2351ms (cache miss)
1633 http fetch GET 200 https://registry.npmjs.org/babel-jest/-/babel-jest-29.7.0.tgz 2351ms (cache miss)
1634 http fetch GET 200 https://registry.npmjs.org/arg/-/arg-4.1.3.tgz 2350ms (cache miss)
1635 http fetch GET 200 https://registry.npmjs.org/decimal.js-light/-/decimal.js-light-2.5.1.tgz 2371ms (cache miss)
1636 http fetch GET 200 https://registry.npmjs.org/decimal.js/-/decimal.js-10.6.0.tgz 2370ms (cache miss)
1637 http fetch GET 200 https://registry.npmjs.org/sharp/-/sharp-0.34.4.tgz 2422ms (cache miss)
1638 http fetch GET 200 https://registry.npmjs.org/braces/-/braces-3.0.3.tgz 2371ms (cache miss)
1639 http fetch GET 200 https://registry.npmjs.org/jest-haste-map/-/jest-haste-map-29.7.0.tgz 2415ms (cache miss)
1640 http fetch GET 200 https://registry.npmjs.org/lightningcss/-/lightningcss-1.30.1.tgz 2423ms (cache miss)
1641 http fetch GET 200 https://registry.npmjs.org/ansi-regex/-/ansi-regex-5.0.1.tgz 2381ms (cache miss)
1642 http fetch GET 200 https://registry.npmjs.org/anymatch/-/anymatch-3.1.3.tgz 2384ms (cache miss)
1643 http fetch GET 200 https://registry.npmjs.org/acorn-globals/-/acorn-globals-7.0.1.tgz 2382ms (cache miss)
1644 http fetch GET 200 https://registry.npmjs.org/ansi-escapes/-/ansi-escapes-4.3.2.tgz 2395ms (cache miss)
1645 http fetch GET 200 https://registry.npmjs.org/acorn-walk/-/acorn-walk-8.3.4.tgz 2395ms (cache miss)
1646 http fetch GET 200 https://registry.npmjs.org/ansi-styles/-/ansi-styles-4.3.0.tgz 2408ms (cache miss)
1647 http fetch GET 200 https://registry.npmjs.org/aria-hidden/-/aria-hidden-1.2.6.tgz 2409ms (cache miss)
1648 http fetch GET 200 https://registry.npmjs.org/abab/-/abab-2.0.6.tgz 2406ms (cache miss)
1649 warn deprecated abab@2.0.6: Use your platform's native atob() and btoa() methods instead
1650 http fetch GET 200 https://registry.npmjs.org/embla-carousel-reactive-utils/-/embla-carousel-reactive-utils-8.5.1.tgz 2428ms (cache miss)
1651 http fetch GET 200 https://registry.npmjs.org/psl/-/psl-1.15.0.tgz 2478ms (cache miss)
1652 http fetch GET 200 https://registry.npmjs.org/asynckit/-/asynckit-0.4.0.tgz 2427ms (cache miss)
1653 http fetch GET 200 https://registry.npmjs.org/bs-logger/-/bs-logger-0.2.6.tgz 2485ms (cache miss)
1654 http fetch GET 200 https://registry.npmjs.org/styled-jsx/-/styled-jsx-5.1.6.tgz 2567ms (cache miss)
1655 http fetch GET 200 https://registry.npmjs.org/@types/tough-cookie/-/tough-cookie-4.0.5.tgz 2492ms (cache miss)
1656 http fetch GET 200 https://registry.npmjs.org/d3-interpolate/-/d3-interpolate-3.0.1.tgz 2509ms (cache miss)
1657 http fetch GET 200 https://registry.npmjs.org/swr/-/swr-2.3.6.tgz 2582ms (cache miss)
1658 http fetch GET 200 https://registry.npmjs.org/@types/yargs-parser/-/yargs-parser-21.0.3.tgz 2505ms (cache miss)
1659 http fetch GET 200 https://registry.npmjs.org/@types/stack-utils/-/stack-utils-2.0.3.tgz 2510ms (cache miss)
1660 http fetch GET 200 https://registry.npmjs.org/@types/jsdom/-/jsdom-20.0.1.tgz 2509ms (cache miss)
1661 http fetch GET 200 https://registry.npmjs.org/@types/phoenix/-/phoenix-1.6.6.tgz 2516ms (cache miss)
1662 http fetch GET 200 https://registry.npmjs.org/@types/istanbul-reports/-/istanbul-reports-3.0.4.tgz 2516ms (cache miss)
1663 http fetch GET 200 https://registry.npmjs.org/baseline-browser-mapping/-/baseline-browser-mapping-2.8.18.tgz 2526ms (cache miss)
1664 http fetch GET 200 https://registry.npmjs.org/js-yaml/-/js-yaml-3.14.1.tgz 2576ms (cache miss)
1665 http fetch GET 200 https://registry.npmjs.org/@types/istanbul-lib-report/-/istanbul-lib-report-3.0.3.tgz 2524ms (cache miss)
1666 http fetch GET 200 https://registry.npmjs.org/@types/d3-timer/-/d3-timer-3.0.2.tgz 2523ms (cache miss)
1667 http fetch GET 200 https://registry.npmjs.org/d3-scale/-/d3-scale-4.0.2.tgz 2543ms (cache miss)
1668 http fetch GET 200 https://registry.npmjs.org/@types/ws/-/ws-8.18.1.tgz 2532ms (cache miss)
1669 http fetch GET 200 https://registry.npmjs.org/@types/yargs/-/yargs-17.0.33.tgz 2542ms (cache miss)
1670 http fetch GET 200 https://registry.npmjs.org/@types/d3-time/-/d3-time-3.0.4.tgz 2538ms (cache miss)
1671 http fetch GET 200 https://registry.npmjs.org/@types/babel__template/-/babel__template-7.4.4.tgz 2545ms (cache miss)
1672 http fetch GET 200 https://registry.npmjs.org/@types/d3-array/-/d3-array-3.2.2.tgz 2550ms (cache miss)
1673 http fetch GET 200 https://registry.npmjs.org/@types/aria-query/-/aria-query-5.0.4.tgz 2625ms (cache miss)
1674 http fetch GET 200 https://registry.npmjs.org/prompts/-/prompts-2.4.2.tgz 2699ms (cache miss)
1675 http fetch GET 200 https://registry.npmjs.org/@types/d3-scale/-/d3-scale-4.0.9.tgz 2664ms (cache miss)
1676 http fetch GET 200 https://registry.npmjs.org/@types/d3-shape/-/d3-shape-3.1.7.tgz 2665ms (cache miss)
1677 http fetch GET 200 https://registry.npmjs.org/@types/babel__generator/-/babel__generator-7.27.0.tgz 2668ms (cache miss)
1678 http fetch GET 200 https://registry.npmjs.org/@types/babel__core/-/babel__core-7.20.5.tgz 2669ms (cache miss)
1679 http fetch GET 200 https://registry.npmjs.org/@types/babel__traverse/-/babel__traverse-7.28.0.tgz 2674ms (cache miss)
1680 http fetch GET 200 https://registry.npmjs.org/d3-time-format/-/d3-time-format-4.1.0.tgz 2697ms (cache miss)
1681 http fetch GET 200 https://registry.npmjs.org/argparse/-/argparse-1.0.10.tgz 2685ms (cache miss)
1682 http fetch GET 200 https://registry.npmjs.org/iconv-lite/-/iconv-lite-0.6.3.tgz 2721ms (cache miss)
1683 http fetch GET 200 https://registry.npmjs.org/uglify-js/-/uglify-js-3.19.3.tgz 2799ms (cache miss)
1684 http fetch GET 200 https://registry.npmjs.org/enhanced-resolve/-/enhanced-resolve-5.18.3.tgz 2743ms (cache miss)
1685 http fetch GET 200 https://registry.npmjs.org/acorn/-/acorn-8.15.0.tgz 2725ms (cache miss)
1686 http fetch GET 200 https://registry.npmjs.org/@types/d3-path/-/d3-path-3.1.1.tgz 2734ms (cache miss)
1687 http fetch GET 200 https://registry.npmjs.org/@types/graceful-fs/-/graceful-fs-4.1.9.tgz 2735ms (cache miss)
1688 http fetch GET 200 https://registry.npmjs.org/@types/d3-ease/-/d3-ease-3.0.2.tgz 2738ms (cache miss)
1689 http fetch GET 200 https://registry.npmjs.org/@types/d3-color/-/d3-color-3.1.3.tgz 2739ms (cache miss)
1690 http fetch GET 200 https://registry.npmjs.org/diff/-/diff-4.0.2.tgz 2769ms (cache miss)
1691 http fetch GET 200 https://registry.npmjs.org/@types/d3-interpolate/-/d3-interpolate-3.0.4.tgz 2746ms (cache miss)
1692 http fetch GET 200 https://registry.npmjs.org/@tootallnate/once/-/once-2.0.0.tgz 2751ms (cache miss)
1693 http fetch GET 200 https://registry.npmjs.org/d3-array/-/d3-array-3.2.4.tgz 2804ms (cache miss)
1694 http fetch GET 200 https://registry.npmjs.org/dom-accessibility-api/-/dom-accessibility-api-0.5.16.tgz 2817ms (cache miss)
1695 http fetch GET 200 https://registry.npmjs.org/csstype/-/csstype-3.1.3.tgz 2839ms (cache miss)
1696 http fetch GET 200 https://registry.npmjs.org/d3-shape/-/d3-shape-3.2.0.tgz 2843ms (cache miss)
1697 http fetch GET 200 https://registry.npmjs.org/neo-async/-/neo-async-2.6.2.tgz 2891ms (cache miss)
1698 http fetch GET 200 https://registry.npmjs.org/fast-equals/-/fast-equals-5.3.2.tgz 2864ms (cache miss)
1699 http fetch GET 200 https://registry.npmjs.org/istanbul-reports/-/istanbul-reports-3.2.0.tgz 2880ms (cache miss)
1700 http fetch GET 200 https://registry.npmjs.org/pure-rand/-/pure-rand-6.1.0.tgz 2908ms (cache miss)
1701 http fetch GET 200 https://registry.npmjs.org/@tsconfig/node16/-/node16-1.0.4.tgz 2857ms (cache miss)
1702 http fetch GET 200 https://registry.npmjs.org/@tsconfig/node14/-/node14-1.0.3.tgz 2861ms (cache miss)
1703 http fetch GET 200 https://registry.npmjs.org/parse5/-/parse5-7.3.0.tgz 2938ms (cache miss)
1704 http fetch GET 200 https://registry.npmjs.org/jiti/-/jiti-2.6.1.tgz 2935ms (cache miss)
1705 http fetch GET 200 https://registry.npmjs.org/cssstyle/-/cssstyle-2.3.0.tgz 2898ms (cache miss)
1706 http fetch GET 200 https://registry.npmjs.org/@tsconfig/node10/-/node10-1.0.11.tgz 2890ms (cache miss)
1707 http fetch GET 200 https://registry.npmjs.org/@tsconfig/node12/-/node12-1.0.11.tgz 2892ms (cache miss)
1708 http fetch GET 200 https://registry.npmjs.org/@tailwindcss/node/-/node-4.1.14.tgz 2909ms (cache miss)
1709 http fetch GET 200 https://registry.npmjs.org/@types/istanbul-lib-coverage/-/istanbul-lib-coverage-2.0.6.tgz 2922ms (cache miss)
1710 http fetch GET 200 https://registry.npmjs.org/entities/-/entities-6.0.1.tgz 2967ms (cache miss)
1711 http fetch GET 200 https://registry.npmjs.org/resolve/-/resolve-1.22.11.tgz 3041ms (cache miss)
1712 http fetch GET 200 https://registry.npmjs.org/embla-carousel/-/embla-carousel-8.5.1.tgz 3037ms (cache miss)
1713 http fetch GET 200 https://registry.npmjs.org/aria-query/-/aria-query-5.3.0.tgz 3084ms (cache miss)
1714 http fetch GET 200 https://registry.npmjs.org/@tailwindcss/oxide/-/oxide-4.1.14.tgz 3277ms (cache miss)
1715 http fetch GET 200 https://registry.npmjs.org/@testing-library/dom/-/dom-10.4.1.tgz 3293ms (cache miss)
1716 http fetch GET 200 https://registry.npmjs.org/@supabase/node-fetch/-/node-fetch-2.6.15.tgz 3296ms (cache miss)
1717 http fetch GET 200 https://registry.npmjs.org/@radix-ui/rect/-/rect-1.1.0.tgz 3312ms (cache miss)
1718 http fetch GET 200 https://registry.npmjs.org/tar/-/tar-7.5.1.tgz 3418ms (cache miss)
1719 http fetch GET 200 https://registry.npmjs.org/@radix-ui/react-use-size/-/react-use-size-1.1.0.tgz 3337ms (cache miss)
1720 http fetch GET 200 https://registry.npmjs.org/@sinonjs/commons/-/commons-3.0.1.tgz 3487ms (cache miss)
1721 http fetch GET 200 https://registry.npmjs.org/@supabase/functions-js/-/functions-js-2.76.1.tgz 3488ms (cache miss)
1722 http fetch GET 200 https://registry.npmjs.org/dom-helpers/-/dom-helpers-5.2.1.tgz 3588ms (cache miss)
1723 http fetch GET 200 https://registry.npmjs.org/motion-dom/-/motion-dom-12.23.23.tgz 3653ms (cache miss)
1724 http fetch GET 200 https://registry.npmjs.org/@radix-ui/react-visually-hidden/-/react-visually-hidden-1.1.1.tgz 3626ms (cache miss)
1725 http fetch GET 200 https://registry.npmjs.org/@radix-ui/react-use-rect/-/react-use-rect-1.1.0.tgz 3629ms (cache miss)
1726 http fetch GET 200 https://registry.npmjs.org/@sinclair/typebox/-/typebox-0.27.8.tgz 3631ms (cache miss)
1727 http fetch GET 200 https://registry.npmjs.org/@sinonjs/fake-timers/-/fake-timers-10.3.0.tgz 3636ms (cache miss)
1728 http fetch GET 200 https://registry.npmjs.org/@radix-ui/react-use-escape-keydown/-/react-use-escape-keydown-1.1.0.tgz 3638ms (cache miss)
1729 http fetch GET 200 https://registry.npmjs.org/victory-vendor/-/victory-vendor-36.9.2.tgz 3749ms (cache miss)
1730 http fetch GET 200 https://registry.npmjs.org/@radix-ui/react-roving-focus/-/react-roving-focus-1.1.1.tgz 3643ms (cache miss)
1731 http fetch GET 200 https://registry.npmjs.org/@radix-ui/react-use-callback-ref/-/react-use-callback-ref-1.1.0.tgz 3645ms (cache miss)
1732 http fetch GET 200 https://registry.npmjs.org/handlebars/-/handlebars-4.7.8.tgz 3795ms (cache miss)
1733 http fetch GET 200 https://registry.npmjs.org/@radix-ui/react-portal/-/react-portal-1.1.3.tgz 3744ms (cache miss)
1734 http fetch GET 200 https://registry.npmjs.org/@radix-ui/react-presence/-/react-presence-1.1.2.tgz 3748ms (cache miss)
1735 http fetch GET 200 https://registry.npmjs.org/@radix-ui/react-popper/-/react-popper-1.2.1.tgz 3765ms (cache miss)
1736 http fetch GET 200 https://registry.npmjs.org/@radix-ui/react-use-layout-effect/-/react-use-layout-effect-1.1.0.tgz 3785ms (cache miss)
1737 http fetch GET 200 https://registry.npmjs.org/@radix-ui/react-use-previous/-/react-use-previous-1.1.0.tgz 3795ms (cache miss)
1738 http fetch GET 200 https://registry.npmjs.org/@radix-ui/react-use-controllable-state/-/react-use-controllable-state-1.1.0.tgz 3797ms (cache miss)
1739 http fetch GET 200 https://registry.npmjs.org/@radix-ui/react-primitive/-/react-primitive-2.0.1.tgz 3822ms (cache miss)
1740 http fetch GET 200 https://registry.npmjs.org/@supabase/postgrest-js/-/postgrest-js-2.76.1.tgz 3829ms (cache miss)
1741 http fetch GET 200 https://registry.npmjs.org/@supabase/realtime-js/-/realtime-js-2.76.1.tgz 3855ms (cache miss)
1742 http fetch GET 200 https://registry.npmjs.org/@tailwindcss/oxide-darwin-x64/-/oxide-darwin-x64-4.1.14.tgz 3904ms (cache miss)
1743 http fetch GET 200 https://registry.npmjs.org/@radix-ui/react-id/-/react-id-1.1.0.tgz 3970ms (cache miss)
1744 http fetch GET 200 https://registry.npmjs.org/@radix-ui/react-menu/-/react-menu-2.1.4.tgz 4003ms (cache miss)
1745 http fetch GET 200 https://registry.npmjs.org/@radix-ui/react-dismissable-layer/-/react-dismissable-layer-1.1.3.tgz 4059ms (cache miss)
1746 http fetch GET 200 https://registry.npmjs.org/@radix-ui/react-compose-refs/-/react-compose-refs-1.1.1.tgz 4063ms (cache miss)
1747 http fetch GET 200 https://registry.npmjs.org/@radix-ui/react-focus-scope/-/react-focus-scope-1.1.1.tgz 4067ms (cache miss)
1748 http fetch GET 200 https://registry.npmjs.org/@radix-ui/react-direction/-/react-direction-1.1.0.tgz 4070ms (cache miss)
1749 http fetch GET 200 https://registry.npmjs.org/@radix-ui/react-context/-/react-context-1.1.1.tgz 4073ms (cache miss)
1750 http fetch GET 200 https://registry.npmjs.org/@jridgewell/resolve-uri/-/resolve-uri-3.1.2.tgz 4145ms (cache miss)
1751 http fetch GET 200 https://registry.npmjs.org/@radix-ui/number/-/number-1.1.0.tgz 4191ms (cache miss)
1752 http fetch GET 200 https://registry.npmjs.org/@next/env/-/env-15.5.6.tgz 4192ms (cache miss)
1753 http fetch GET 200 https://registry.npmjs.org/@jridgewell/sourcemap-codec/-/sourcemap-codec-1.5.5.tgz 4195ms (cache miss)
1754 http fetch GET 200 https://registry.npmjs.org/@radix-ui/react-collection/-/react-collection-1.1.1.tgz 4263ms (cache miss)
1755 http fetch GET 200 https://registry.npmjs.org/@jridgewell/remapping/-/remapping-2.3.5.tgz 4263ms (cache miss)
1756 http fetch GET 200 https://registry.npmjs.org/@jridgewell/gen-mapping/-/gen-mapping-0.3.13.tgz 4274ms (cache miss)
1757 http fetch GET 200 https://registry.npmjs.org/@radix-ui/react-arrow/-/react-arrow-1.1.1.tgz 4278ms (cache miss)
1758 http fetch GET 200 https://registry.npmjs.org/@supabase/storage-js/-/storage-js-2.76.1.tgz 4288ms (cache miss)
1759 http fetch GET 200 https://registry.npmjs.org/@supabase/auth-js/-/auth-js-2.76.1.tgz 4315ms (cache miss)
1760 http fetch GET 200 https://registry.npmjs.org/lightningcss-darwin-x64/-/lightningcss-darwin-x64-1.30.1.tgz 4395ms (cache miss)
1761 http fetch GET 200 https://registry.npmjs.org/@radix-ui/primitive/-/primitive-1.1.1.tgz 4412ms (cache miss)
1762 http fetch GET 200 https://registry.npmjs.org/@jest/types/-/types-29.6.3.tgz 4410ms (cache miss)
1763 http fetch GET 200 https://registry.npmjs.org/@jest/test-sequencer/-/test-sequencer-29.7.0.tgz 4420ms (cache miss)
1764 http fetch GET 200 https://registry.npmjs.org/@jridgewell/trace-mapping/-/trace-mapping-0.3.31.tgz 4433ms (cache miss)
1765 http fetch GET 200 https://registry.npmjs.org/jsdom/-/jsdom-20.0.3.tgz 4563ms (cache miss)
1766 http fetch GET 200 https://registry.npmjs.org/@jest/transform/-/transform-29.7.0.tgz 4683ms (cache miss)
1767 http fetch GET 200 https://registry.npmjs.org/@jest/test-result/-/test-result-29.7.0.tgz 4685ms (cache miss)
1768 http fetch GET 200 https://registry.npmjs.org/@radix-ui/react-focus-guards/-/react-focus-guards-1.1.1.tgz 4690ms (cache miss)
1769 http fetch GET 200 https://registry.npmjs.org/@jest/globals/-/globals-29.7.0.tgz 4687ms (cache miss)
1770 http fetch GET 200 https://registry.npmjs.org/@jest/schemas/-/schemas-29.6.3.tgz 4690ms (cache miss)
1771 http fetch GET 200 https://registry.npmjs.org/@jest/fake-timers/-/fake-timers-29.7.0.tgz 4692ms (cache miss)
1772 http fetch GET 200 https://registry.npmjs.org/@jest/expect/-/expect-29.7.0.tgz 4692ms (cache miss)
1773 http fetch GET 200 https://registry.npmjs.org/@jest/expect-utils/-/expect-utils-29.7.0.tgz 4693ms (cache miss)
1774 http fetch GET 200 https://registry.npmjs.org/@jest/reporters/-/reporters-29.7.0.tgz 4704ms (cache miss)
1775 http fetch GET 200 https://registry.npmjs.org/@swc/helpers/-/helpers-0.5.15.tgz 4746ms (cache miss)
1776 http fetch GET 200 https://registry.npmjs.org/@jest/environment/-/environment-29.7.0.tgz 4772ms (cache miss)
1777 http fetch GET 200 https://registry.npmjs.org/caniuse-lite/-/caniuse-lite-1.0.30001751.tgz 4832ms (cache miss)
1778 http fetch GET 200 https://registry.npmjs.org/lodash/-/lodash-4.17.21.tgz 4885ms (cache miss)
1779 http fetch GET 200 https://registry.npmjs.org/@jest/core/-/core-29.7.0.tgz 4834ms (cache miss)
1780 http fetch GET 200 https://registry.npmjs.org/@istanbuljs/schema/-/schema-0.1.3.tgz 4868ms (cache miss)
1781 http fetch GET 200 https://registry.npmjs.org/@jest/console/-/console-29.7.0.tgz 4869ms (cache miss)
1782 http fetch GET 200 https://registry.npmjs.org/@img/sharp-darwin-x64/-/sharp-darwin-x64-0.34.4.tgz 4923ms (cache miss)
1783 http fetch GET 200 https://registry.npmjs.org/@floating-ui/utils/-/utils-0.2.10.tgz 4929ms (cache miss)
1784 http fetch GET 200 https://registry.npmjs.org/@jest/source-map/-/source-map-29.6.3.tgz 4944ms (cache miss)
1785 http fetch GET 200 https://registry.npmjs.org/@floating-ui/react-dom/-/react-dom-2.1.6.tgz 4988ms (cache miss)
1786 http fetch GET 200 https://registry.npmjs.org/@floating-ui/dom/-/dom-1.7.4.tgz 4994ms (cache miss)
1787 http fetch GET 200 https://registry.npmjs.org/@floating-ui/core/-/core-1.7.3.tgz 5030ms (cache miss)
1788 http fetch GET 200 https://registry.npmjs.org/@istanbuljs/load-nyc-config/-/load-nyc-config-1.1.0.tgz 5062ms (cache miss)
1789 http fetch GET 200 https://registry.npmjs.org/@babel/template/-/template-7.27.2.tgz 5064ms (cache miss)
1790 http fetch GET 200 https://registry.npmjs.org/@isaacs/fs-minipass/-/fs-minipass-4.0.1.tgz 5309ms (cache miss)
1791 http fetch GET 200 https://registry.npmjs.org/@babel/plugin-syntax-typescript/-/plugin-syntax-typescript-7.27.1.tgz 5322ms (cache miss)
1792 http fetch GET 200 https://registry.npmjs.org/@babel/plugin-syntax-top-level-await/-/plugin-syntax-top-level-await-7.14.5.tgz 5322ms (cache miss)
1793 http fetch GET 200 https://registry.npmjs.org/@date-fns/tz/-/tz-1.2.0.tgz 5325ms (cache miss)
1794 http fetch GET 200 https://registry.npmjs.org/@babel/plugin-syntax-optional-chaining/-/plugin-syntax-optional-chaining-7.8.3.tgz 5346ms (cache miss)
1795 http fetch GET 200 https://registry.npmjs.org/@babel/runtime/-/runtime-7.28.4.tgz 5371ms (cache miss)
1796 http fetch GET 200 https://registry.npmjs.org/@babel/traverse/-/traverse-7.28.4.tgz 5407ms (cache miss)
1797 http fetch GET 200 https://registry.npmjs.org/@babel/plugin-syntax-optional-catch-binding/-/plugin-syntax-optional-catch-binding-7.8.3.tgz 5442ms (cache miss)
1798 http fetch GET 200 https://registry.npmjs.org/@babel/plugin-syntax-object-rest-spread/-/plugin-syntax-object-rest-spread-7.8.3.tgz 5499ms (cache miss)
1799 http fetch GET 200 https://registry.npmjs.org/@babel/plugin-syntax-numeric-separator/-/plugin-syntax-numeric-separator-7.10.4.tgz 5504ms (cache miss)
1800 http fetch GET 200 https://registry.npmjs.org/@babel/plugin-syntax-import-meta/-/plugin-syntax-import-meta-7.10.4.tgz 5564ms (cache miss)
1801 http fetch GET 200 https://registry.npmjs.org/@babel/plugin-syntax-logical-assignment-operators/-/plugin-syntax-logical-assignment-operators-7.10.4.tgz 5565ms (cache miss)
1802 http fetch GET 200 https://registry.npmjs.org/@babel/plugin-syntax-nullish-coalescing-operator/-/plugin-syntax-nullish-coalescing-operator-7.8.3.tgz 5565ms (cache miss)
1803 http fetch GET 200 https://registry.npmjs.org/@babel/plugin-syntax-jsx/-/plugin-syntax-jsx-7.27.1.tgz 5595ms (cache miss)
1804 http fetch GET 200 https://registry.npmjs.org/@babel/plugin-syntax-private-property-in-object/-/plugin-syntax-private-property-in-object-7.14.5.tgz 5724ms (cache miss)
1805 http fetch GET 200 https://registry.npmjs.org/@babel/plugin-syntax-import-attributes/-/plugin-syntax-import-attributes-7.27.1.tgz 5722ms (cache miss)
1806 http fetch GET 200 https://registry.npmjs.org/@babel/plugin-syntax-class-static-block/-/plugin-syntax-class-static-block-7.14.5.tgz 5734ms (cache miss)
1807 http fetch GET 200 https://registry.npmjs.org/@babel/helper-validator-option/-/helper-validator-option-7.27.1.tgz 5775ms (cache miss)
1808 http fetch GET 200 https://registry.npmjs.org/@babel/plugin-syntax-async-generators/-/plugin-syntax-async-generators-7.8.4.tgz 5789ms (cache miss)
1809 http fetch GET 200 https://registry.npmjs.org/@babel/plugin-syntax-class-properties/-/plugin-syntax-class-properties-7.12.13.tgz 5794ms (cache miss)
1810 http fetch GET 200 https://registry.npmjs.org/@babel/helper-string-parser/-/helper-string-parser-7.27.1.tgz 5863ms (cache miss)
1811 http fetch GET 200 https://registry.npmjs.org/@babel/plugin-syntax-bigint/-/plugin-syntax-bigint-7.8.3.tgz 5876ms (cache miss)
1812 http fetch GET 200 https://registry.npmjs.org/@babel/helper-plugin-utils/-/helper-plugin-utils-7.27.1.tgz 5893ms (cache miss)
1813 http fetch GET 200 https://registry.npmjs.org/date-fns-jalali/-/date-fns-jalali-4.1.0-0.tgz 5990ms (cache miss)
1814 http fetch GET 200 https://registry.npmjs.org/@babel/helper-globals/-/helper-globals-7.28.0.tgz 5945ms (cache miss)
1815 http fetch GET 200 https://registry.npmjs.org/@babel/helper-module-imports/-/helper-module-imports-7.27.1.tgz 6141ms (cache miss)
1816 http fetch GET 200 https://registry.npmjs.org/@babel/helper-module-transforms/-/helper-module-transforms-7.28.3.tgz 6193ms (cache miss)
1817 http fetch GET 200 https://registry.npmjs.org/@babel/helper-compilation-targets/-/helper-compilation-targets-7.27.2.tgz 6247ms (cache miss)
1818 http fetch GET 200 https://registry.npmjs.org/@babel/parser/-/parser-7.28.4.tgz 6288ms (cache miss)
1819 http fetch GET 200 https://registry.npmjs.org/@bcoe/v8-coverage/-/v8-coverage-0.2.3.tgz 6299ms (cache miss)
1820 http fetch GET 200 https://registry.npmjs.org/@babel/plugin-syntax-json-strings/-/plugin-syntax-json-strings-7.8.3.tgz 6431ms (cache miss)
1821 http fetch GET 200 https://registry.npmjs.org/@babel/compat-data/-/compat-data-7.28.4.tgz 6438ms (cache miss)
1822 http fetch GET 200 https://registry.npmjs.org/@babel/code-frame/-/code-frame-7.27.1.tgz 6465ms (cache miss)
1823 http fetch GET 200 https://registry.npmjs.org/@babel/types/-/types-7.28.4.tgz 6706ms (cache miss)
1824 http fetch GET 200 https://registry.npmjs.org/@babel/generator/-/generator-7.28.3.tgz 6714ms (cache miss)
1825 http fetch GET 200 https://registry.npmjs.org/@emnapi/runtime/-/runtime-1.5.0.tgz 6738ms (cache miss)
1826 http fetch GET 200 https://registry.npmjs.org/@types/jest/-/jest-29.5.14.tgz 6735ms (cache miss)
1827 http fetch GET 200 https://registry.npmjs.org/@adobe/css-tools/-/css-tools-4.4.4.tgz 6736ms (cache miss)
1828 http fetch GET 200 https://registry.npmjs.org/@types/react-dom/-/react-dom-19.2.2.tgz 6736ms (cache miss)
1829 http fetch GET 200 https://registry.npmjs.org/@babel/helpers/-/helpers-7.28.4.tgz 6822ms (cache miss)
1830 http fetch GET 200 https://registry.npmjs.org/@babel/helper-validator-identifier/-/helper-validator-identifier-7.27.1.tgz 6838ms (cache miss)
1831 http fetch GET 200 https://registry.npmjs.org/@testing-library/jest-dom/-/jest-dom-6.9.1.tgz 6977ms (cache miss)
1832 http fetch GET 200 https://registry.npmjs.org/@testing-library/user-event/-/user-event-14.6.1.tgz 7098ms (cache miss)
1833 http fetch GET 200 https://registry.npmjs.org/@alloc/quick-lru/-/quick-lru-5.2.0.tgz 7112ms (cache miss)
1834 http fetch GET 200 https://registry.npmjs.org/@types/node/-/node-22.18.11.tgz 7125ms (cache miss)
1835 http fetch GET 200 https://registry.npmjs.org/@img/colour/-/colour-1.0.0.tgz 7154ms (cache miss)
1836 http fetch GET 200 https://registry.npmjs.org/@radix-ui/react-toggle-group/-/react-toggle-group-1.1.1.tgz 7180ms (cache miss)
1837 http fetch GET 200 https://registry.npmjs.org/@radix-ui/react-hover-card/-/react-hover-card-1.1.4.tgz 7205ms (cache miss)
1838 http fetch GET 200 https://registry.npmjs.org/@supabase/supabase-js/-/supabase-js-2.76.1.tgz 7279ms (cache miss)
1839 http fetch GET 200 https://registry.npmjs.org/@cspotcode/source-map-support/-/source-map-support-0.8.1.tgz 7397ms (cache miss)
1840 http fetch GET 200 https://registry.npmjs.org/@radix-ui/react-toggle/-/react-toggle-1.1.1.tgz 7459ms (cache miss)
1841 http fetch GET 200 https://registry.npmjs.org/@types/react/-/react-19.2.2.tgz 7537ms (cache miss)
1842 http fetch GET 200 https://registry.npmjs.org/@testing-library/react/-/react-16.3.0.tgz 7546ms (cache miss)
1843 http fetch GET 200 https://registry.npmjs.org/@babel/core/-/core-7.28.4.tgz 7609ms (cache miss)
1844 http fetch GET 200 https://registry.npmjs.org/@radix-ui/react-slider/-/react-slider-1.2.2.tgz 7684ms (cache miss)
1845 http fetch GET 200 https://registry.npmjs.org/@vercel/analytics/-/analytics-1.3.1.tgz 7695ms (cache miss)
1846 http fetch GET 200 https://registry.npmjs.org/@radix-ui/react-tooltip/-/react-tooltip-1.1.6.tgz 7705ms (cache miss)
1847 http fetch GET 200 https://registry.npmjs.org/@radix-ui/react-progress/-/react-progress-1.1.1.tgz 7756ms (cache miss)
1848 http fetch GET 200 https://registry.npmjs.org/@radix-ui/react-switch/-/react-switch-1.1.2.tgz 7818ms (cache miss)
1849 http fetch GET 200 https://registry.npmjs.org/@tailwindcss/postcss/-/postcss-4.1.14.tgz 7819ms (cache miss)
1850 http fetch GET 200 https://registry.npmjs.org/@radix-ui/react-toast/-/react-toast-1.2.4.tgz 7819ms (cache miss)
1851 http fetch GET 200 https://registry.npmjs.org/@radix-ui/react-slot/-/react-slot-1.1.1.tgz 7846ms (cache miss)
1852 http fetch GET 200 https://registry.npmjs.org/@img/sharp-libvips-darwin-x64/-/sharp-libvips-darwin-x64-1.2.3.tgz 7928ms (cache miss)
1853 http fetch GET 200 https://registry.npmjs.org/@radix-ui/react-popover/-/react-popover-1.1.4.tgz 8077ms (cache miss)
1854 http fetch GET 200 https://registry.npmjs.org/@radix-ui/react-collapsible/-/react-collapsible-1.1.2.tgz 8229ms (cache miss)
1855 http fetch GET 200 https://registry.npmjs.org/@radix-ui/react-accordion/-/react-accordion-1.2.2.tgz 8246ms (cache miss)
1856 http fetch GET 200 https://registry.npmjs.org/@radix-ui/react-select/-/react-select-2.1.4.tgz 8394ms (cache miss)
1857 http fetch GET 200 https://registry.npmjs.org/@radix-ui/react-tabs/-/react-tabs-1.1.2.tgz 8406ms (cache miss)
1858 http fetch GET 200 https://registry.npmjs.org/@radix-ui/react-context-menu/-/react-context-menu-2.2.4.tgz 8422ms (cache miss)
1859 http fetch GET 200 https://registry.npmjs.org/@radix-ui/react-menubar/-/react-menubar-1.1.4.tgz 8454ms (cache miss)
1860 http fetch GET 200 https://registry.npmjs.org/@radix-ui/react-label/-/react-label-2.1.1.tgz 8486ms (cache miss)
1861 http fetch GET 200 https://registry.npmjs.org/@radix-ui/react-aspect-ratio/-/react-aspect-ratio-1.1.1.tgz 8505ms (cache miss)
1862 http fetch GET 200 https://registry.npmjs.org/vaul/-/vaul-1.1.2.tgz 8555ms (cache miss)
1863 http fetch GET 200 https://registry.npmjs.org/@radix-ui/react-dropdown-menu/-/react-dropdown-menu-2.1.4.tgz 8564ms (cache miss)
1864 http fetch GET 200 https://registry.npmjs.org/tailwindcss-animate/-/tailwindcss-animate-1.0.7.tgz 8565ms (cache miss)
1865 http fetch GET 200 https://registry.npmjs.org/@radix-ui/react-separator/-/react-separator-1.1.1.tgz 8597ms (cache miss)
1866 http fetch GET 200 https://registry.npmjs.org/@radix-ui/react-radio-group/-/react-radio-group-1.2.2.tgz 8648ms (cache miss)
1867 http fetch GET 200 https://registry.npmjs.org/ts-jest/-/ts-jest-29.4.5.tgz 8646ms (cache miss)
1868 http fetch GET 200 https://registry.npmjs.org/sonner/-/sonner-1.7.4.tgz 8722ms (cache miss)
1869 http fetch GET 200 https://registry.npmjs.org/@radix-ui/react-scroll-area/-/react-scroll-area-1.2.2.tgz 8732ms (cache miss)
1870 http fetch GET 200 https://registry.npmjs.org/@hookform/resolvers/-/resolvers-3.10.0.tgz 8903ms (cache miss)
1871 http fetch GET 200 https://registry.npmjs.org/tw-animate-css/-/tw-animate-css-1.3.3.tgz 9017ms (cache miss)
1872 http fetch GET 200 https://registry.npmjs.org/@radix-ui/react-dialog/-/react-dialog-1.1.4.tgz 9078ms (cache miss)
1873 http fetch GET 200 https://registry.npmjs.org/react-day-picker/-/react-day-picker-9.8.0.tgz 9093ms (cache miss)
1874 http fetch GET 200 https://registry.npmjs.org/@radix-ui/react-alert-dialog/-/react-alert-dialog-1.1.4.tgz 9225ms (cache miss)
1875 http fetch GET 200 https://registry.npmjs.org/ts-node/-/ts-node-10.9.2.tgz 9239ms (cache miss)
1876 http fetch GET 200 https://registry.npmjs.org/@radix-ui/react-navigation-menu/-/react-navigation-menu-1.2.3.tgz 9260ms (cache miss)
1877 http fetch GET 200 https://registry.npmjs.org/zod/-/zod-3.25.76.tgz 9257ms (cache miss)
1878 http fetch GET 200 https://registry.npmjs.org/cmdk/-/cmdk-1.0.4.tgz 9258ms (cache miss)
1879 http fetch GET 200 https://registry.npmjs.org/@radix-ui/react-avatar/-/react-avatar-1.1.2.tgz 9295ms (cache miss)
1880 http fetch GET 200 https://registry.npmjs.org/jest-environment-jsdom/-/jest-environment-jsdom-29.7.0.tgz 9290ms (cache miss)
1881 http fetch GET 200 https://registry.npmjs.org/jest/-/jest-29.7.0.tgz 9323ms (cache miss)
1882 http fetch GET 200 https://registry.npmjs.org/react-resizable-panels/-/react-resizable-panels-2.1.9.tgz 9538ms (cache miss)
1883 http fetch GET 200 https://registry.npmjs.org/autoprefixer/-/autoprefixer-10.4.21.tgz 9626ms (cache miss)
1884 http fetch GET 200 https://registry.npmjs.org/tailwindcss/-/tailwindcss-4.1.14.tgz 9640ms (cache miss)
1885 http fetch GET 200 https://registry.npmjs.org/clsx/-/clsx-2.1.1.tgz 9711ms (cache miss)
1886 http fetch GET 200 https://registry.npmjs.org/postcss/-/postcss-8.5.6.tgz 9723ms (cache miss)
1887 http fetch GET 200 https://registry.npmjs.org/react-hook-form/-/react-hook-form-7.65.0.tgz 9732ms (cache miss)
1888 http fetch GET 200 https://registry.npmjs.org/@radix-ui/react-checkbox/-/react-checkbox-1.1.3.tgz 9851ms (cache miss)
1889 http fetch GET 200 https://registry.npmjs.org/input-otp/-/input-otp-1.4.1.tgz 9841ms (cache miss)
1890 http fetch GET 200 https://registry.npmjs.org/framer-motion/-/framer-motion-12.23.24.tgz 9859ms (cache miss)
1891 http fetch GET 200 https://registry.npmjs.org/next-themes/-/next-themes-0.4.6.tgz 9863ms (cache miss)
1892 http fetch GET 200 https://registry.npmjs.org/react/-/react-19.2.0.tgz 9870ms (cache miss)
1893 http fetch GET 200 https://registry.npmjs.org/webidl-conversions/-/webidl-conversions-3.0.1.tgz 9892ms (cache miss)
1894 http fetch GET 200 https://registry.npmjs.org/react-is/-/react-is-17.0.2.tgz 9903ms (cache miss)
1895 http fetch GET 200 https://registry.npmjs.org/yallist/-/yallist-3.1.1.tgz 9930ms (cache miss)
1896 http fetch GET 200 https://registry.npmjs.org/ansi-styles/-/ansi-styles-5.2.0.tgz 9933ms (cache miss)
1897 http fetch GET 200 https://registry.npmjs.org/supports-color/-/supports-color-8.1.1.tgz 9957ms (cache miss)
1898 http fetch GET 200 https://registry.npmjs.org/whatwg-url/-/whatwg-url-11.0.0.tgz 10024ms (cache miss)
1899 http fetch GET 200 https://registry.npmjs.org/pretty-format/-/pretty-format-29.7.0.tgz 10024ms (cache miss)
1900 http fetch GET 200 https://registry.npmjs.org/ansi-styles/-/ansi-styles-5.2.0.tgz 10047ms (cache miss)
1901 http fetch GET 200 https://registry.npmjs.org/camelcase/-/camelcase-6.3.0.tgz 10054ms (cache miss)
1902 http fetch GET 200 https://registry.npmjs.org/class-variance-authority/-/class-variance-authority-0.7.1.tgz 10063ms (cache miss)
1903 http fetch GET 200 https://registry.npmjs.org/ansi-styles/-/ansi-styles-5.2.0.tgz 10084ms (cache miss)
1904 http fetch GET 200 https://registry.npmjs.org/pretty-format/-/pretty-format-29.7.0.tgz 10161ms (cache miss)
1905 http fetch GET 200 https://registry.npmjs.org/p-limit/-/p-limit-2.3.0.tgz 10172ms (cache miss)
1906 http fetch GET 200 https://registry.npmjs.org/ansi-styles/-/ansi-styles-5.2.0.tgz 10229ms (cache miss)
1907 http fetch GET 200 https://registry.npmjs.org/pretty-format/-/pretty-format-29.7.0.tgz 10244ms (cache miss)
1908 http fetch GET 200 https://registry.npmjs.org/ansi-styles/-/ansi-styles-5.2.0.tgz 10285ms (cache miss)
1909 http fetch GET 200 https://registry.npmjs.org/ansi-styles/-/ansi-styles-5.2.0.tgz 10324ms (cache miss)
1910 http fetch GET 200 https://registry.npmjs.org/tr46/-/tr46-3.0.0.tgz 10331ms (cache miss)
1911 http fetch GET 200 https://registry.npmjs.org/embla-carousel-react/-/embla-carousel-react-8.5.1.tgz 10345ms (cache miss)
1912 http fetch GET 200 https://registry.npmjs.org/react-is/-/react-is-16.13.1.tgz 10366ms (cache miss)
1913 http fetch GET 200 https://registry.npmjs.org/ansi-styles/-/ansi-styles-5.2.0.tgz 10402ms (cache miss)
1914 http fetch GET 200 https://registry.npmjs.org/pretty-format/-/pretty-format-29.7.0.tgz 10408ms (cache miss)
1915 http fetch GET 200 https://registry.npmjs.org/pretty-format/-/pretty-format-29.7.0.tgz 10416ms (cache miss)
1916 http fetch GET 200 https://registry.npmjs.org/pretty-format/-/pretty-format-29.7.0.tgz 10425ms (cache miss)
1917 http fetch GET 200 https://registry.npmjs.org/ansi-styles/-/ansi-styles-5.2.0.tgz 10430ms (cache miss)
1918 http fetch GET 200 https://registry.npmjs.org/pretty-format/-/pretty-format-29.7.0.tgz 10460ms (cache miss)
1919 http fetch GET 200 https://registry.npmjs.org/is-arrayish/-/is-arrayish-0.2.1.tgz 10481ms (cache miss)
1920 http fetch GET 200 https://registry.npmjs.org/pretty-format/-/pretty-format-29.7.0.tgz 10499ms (cache miss)
1921 http fetch GET 200 https://registry.npmjs.org/pretty-format/-/pretty-format-29.7.0.tgz 10518ms (cache miss)
1922 http fetch GET 200 https://registry.npmjs.org/jest-config/-/jest-config-29.7.0.tgz 10529ms (cache miss)
1923 http fetch GET 200 https://registry.npmjs.org/ansi-styles/-/ansi-styles-5.2.0.tgz 10556ms (cache miss)
1924 http fetch GET 200 https://registry.npmjs.org/cssom/-/cssom-0.3.8.tgz 10576ms (cache miss)
1925 http fetch GET 200 https://registry.npmjs.org/recharts/-/recharts-2.15.4.tgz 10595ms (cache miss)
1926 http fetch GET 200 https://registry.npmjs.org/tailwind-merge/-/tailwind-merge-2.6.0.tgz 10600ms (cache miss)
1927 http fetch GET 200 https://registry.npmjs.org/ansi-styles/-/ansi-styles-5.2.0.tgz 10585ms (cache miss)
1928 http fetch GET 200 https://registry.npmjs.org/whatwg-url/-/whatwg-url-11.0.0.tgz 10587ms (cache miss)
1929 http fetch GET 200 https://registry.npmjs.org/pretty-format/-/pretty-format-29.7.0.tgz 10601ms (cache miss)
1930 http fetch GET 200 https://registry.npmjs.org/ansi-styles/-/ansi-styles-5.2.0.tgz 10614ms (cache miss)
1931 http fetch GET 200 https://registry.npmjs.org/jest-config/-/jest-config-29.7.0.tgz 10654ms (cache miss)
1932 http fetch GET 200 https://registry.npmjs.org/ansi-styles/-/ansi-styles-5.2.0.tgz 10658ms (cache miss)
1933 http fetch GET 200 https://registry.npmjs.org/pretty-format/-/pretty-format-29.7.0.tgz 10660ms (cache miss)
1934 http fetch GET 200 https://registry.npmjs.org/semver/-/semver-6.3.1.tgz 10669ms (cache miss)
1935 http fetch GET 200 https://registry.npmjs.org/jest-config/-/jest-config-29.7.0.tgz 10682ms (cache miss)
1936 http fetch GET 200 https://registry.npmjs.org/semver/-/semver-6.3.1.tgz 10693ms (cache miss)
1937 http fetch GET 200 https://registry.npmjs.org/react-dom/-/react-dom-19.2.0.tgz 10713ms (cache miss)
1938 http fetch GET 200 https://registry.npmjs.org/ansi-styles/-/ansi-styles-5.2.0.tgz 10713ms (cache miss)
1939 http fetch GET 200 https://registry.npmjs.org/semver/-/semver-6.3.1.tgz 10737ms (cache miss)
1940 http fetch GET 200 https://registry.npmjs.org/pretty-format/-/pretty-format-29.7.0.tgz 10740ms (cache miss)
1941 http fetch GET 200 https://registry.npmjs.org/tr46/-/tr46-3.0.0.tgz 10757ms (cache miss)
1942 http fetch GET 200 https://registry.npmjs.org/agent-base/-/agent-base-6.0.2.tgz 10790ms (cache miss)
1943 http fetch GET 200 https://registry.npmjs.org/postcss/-/postcss-8.4.31.tgz 10881ms (cache miss)
1944 http fetch GET 200 https://registry.npmjs.org/istanbul-lib-instrument/-/istanbul-lib-instrument-5.2.1.tgz 10907ms (cache miss)
1945 http fetch GET 200 https://registry.npmjs.org/dom-accessibility-api/-/dom-accessibility-api-0.6.3.tgz 10930ms (cache miss)
1946 http fetch GET 200 https://registry.npmjs.org/type-fest/-/type-fest-4.41.0.tgz 10943ms (cache miss)
1947 http fetch GET 200 https://registry.npmjs.org/tar 9825ms (cache miss)
1948 silly packumentCache corgi:https://registry.npmjs.org/tar set size:undefined disposed:false
1949 http fetch GET 200 https://registry.npmjs.org/@jridgewell/trace-mapping/-/trace-mapping-0.3.9.tgz 11042ms (cache miss)
1950 http fetch GET 200 https://registry.npmjs.org/js-yaml 10117ms (cache miss)
1951 silly packumentCache corgi:https://registry.npmjs.org/js-yaml set size:undefined disposed:false
1952 silly packumentCache corgi:https://registry.npmjs.org/@istanbuljs%2fload-nyc-config cache-miss
1953 http fetch GET 200 https://registry.npmjs.org/@istanbuljs%2fload-nyc-config 75ms (cache miss)
1954 silly packumentCache corgi:https://registry.npmjs.org/@istanbuljs%2fload-nyc-config set size:undefined disposed:false
1955 silly packumentCache corgi:https://registry.npmjs.org/@tailwindcss%2foxide cache-miss
1956 http fetch GET 200 https://registry.npmjs.org/lucide-react/-/lucide-react-0.454.0.tgz 12151ms (cache miss)
1957 http fetch GET 200 https://registry.npmjs.org/@next/swc-darwin-x64/-/swc-darwin-x64-15.5.6.tgz 12982ms (cache miss)
1958 http fetch GET 200 https://registry.npmjs.org/@tailwindcss%2foxide 1627ms (cache miss)
1959 silly packumentCache corgi:https://registry.npmjs.org/@tailwindcss%2foxide set size:undefined disposed:false
1960 silly packumentCache corgi:https://registry.npmjs.org/babel-plugin-istanbul cache-miss
1961 http fetch GET 200 https://registry.npmjs.org/babel-plugin-istanbul 99ms (cache miss)
1962 silly packumentCache corgi:https://registry.npmjs.org/babel-plugin-istanbul set size:undefined disposed:false
1963 silly packumentCache corgi:https://registry.npmjs.org/@jest%2ftransform cache-miss
1964 silly packumentCache corgi:https://registry.npmjs.org/babel-jest cache-miss
1965 http fetch GET 200 https://registry.npmjs.org/@jest%2ftransform 370ms (cache miss)
1966 silly packumentCache corgi:https://registry.npmjs.org/@jest%2ftransform set size:undefined disposed:false
1967 http fetch GET 200 https://registry.npmjs.org/babel-jest 477ms (cache miss)
1968 silly packumentCache corgi:https://registry.npmjs.org/babel-jest set size:undefined disposed:false
1969 silly packumentCache corgi:https://registry.npmjs.org/@jest%2fcore cache-miss
1970 silly packumentCache corgi:https://registry.npmjs.org/@jest%2freporters cache-miss
1971 silly packumentCache corgi:https://registry.npmjs.org/jest-runner cache-miss
1972 silly packumentCache corgi:https://registry.npmjs.org/jest-runtime cache-miss
1973 silly packumentCache corgi:https://registry.npmjs.org/jest-snapshot cache-miss
1974 silly packumentCache corgi:https://registry.npmjs.org/ts-jest cache-miss
1975 http fetch GET 200 https://registry.npmjs.org/@jest%2fcore 250ms (cache miss)
1976 silly packumentCache corgi:https://registry.npmjs.org/@jest%2fcore set size:undefined disposed:false
1977 http fetch GET 200 https://registry.npmjs.org/@jest%2freporters 295ms (cache miss)
1978 silly packumentCache corgi:https://registry.npmjs.org/@jest%2freporters set size:undefined disposed:false
1979 http fetch GET 200 https://registry.npmjs.org/ts-jest 351ms (cache miss)
1980 silly packumentCache corgi:https://registry.npmjs.org/ts-jest set size:undefined disposed:false
1981 http fetch GET 200 https://registry.npmjs.org/jest-snapshot 508ms (cache miss)
1982 silly packumentCache corgi:https://registry.npmjs.org/jest-snapshot set size:undefined disposed:false
1983 http fetch GET 200 https://registry.npmjs.org/jest-runner 550ms (cache miss)
1984 silly packumentCache corgi:https://registry.npmjs.org/jest-runner set size:undefined disposed:false
1985 http fetch GET 200 https://registry.npmjs.org/jest-runtime 641ms (cache miss)
1986 silly packumentCache corgi:https://registry.npmjs.org/jest-runtime set size:undefined disposed:false
1987 silly packumentCache corgi:https://registry.npmjs.org/jest-config cache-miss
1988 http fetch GET 200 https://registry.npmjs.org/jest-config 151ms (cache miss)
1989 silly packumentCache corgi:https://registry.npmjs.org/jest-config set size:undefined disposed:false
1990 silly packumentCache corgi:https://registry.npmjs.org/jest cache-miss
1991 silly packumentCache corgi:https://registry.npmjs.org/jest-cli cache-miss
1992 http fetch GET 200 https://registry.npmjs.org/jest 326ms (cache miss)
1993 silly packumentCache corgi:https://registry.npmjs.org/jest set size:undefined disposed:false
1994 http fetch GET 200 https://registry.npmjs.org/jest-cli 567ms (cache miss)
1995 silly packumentCache corgi:https://registry.npmjs.org/jest-cli set size:undefined disposed:false
1996 silly packumentCache corgi:https://registry.npmjs.org/@jest%2fexpect cache-miss
1997 silly packumentCache corgi:https://registry.npmjs.org/jest-circus cache-miss
1998 silly packumentCache corgi:https://registry.npmjs.org/jest-resolve-dependencies cache-miss
1999 http fetch GET 200 https://registry.npmjs.org/@jest%2fexpect 218ms (cache miss)
2000 silly packumentCache corgi:https://registry.npmjs.org/@jest%2fexpect set size:undefined disposed:false
2001 http fetch GET 200 https://registry.npmjs.org/jest-resolve-dependencies 287ms (cache miss)
2002 silly packumentCache corgi:https://registry.npmjs.org/jest-resolve-dependencies set size:undefined disposed:false
2003 http fetch GET 200 https://registry.npmjs.org/jest-circus 376ms (cache miss)
2004 silly packumentCache corgi:https://registry.npmjs.org/jest-circus set size:undefined disposed:false
2005 http fetch GET 200 https://registry.npmjs.org/typescript/-/typescript-5.9.3.tgz 15646ms (cache miss)
2006 silly packumentCache corgi:https://registry.npmjs.org/create-jest cache-miss
2007 http fetch GET 200 https://registry.npmjs.org/create-jest 146ms (cache miss)
2008 silly packumentCache corgi:https://registry.npmjs.org/create-jest set size:undefined disposed:false
2009 silly packumentCache corgi:https://registry.npmjs.org/@jest%2fglobals cache-miss
2010 http fetch GET 200 https://registry.npmjs.org/date-fns/-/date-fns-4.1.0.tgz 16174ms (cache miss)
2011 http fetch GET 200 https://registry.npmjs.org/@jest%2fglobals 126ms (cache miss)
2012 silly packumentCache corgi:https://registry.npmjs.org/@jest%2fglobals set size:undefined disposed:false
2013 http fetch GET 200 https://registry.npmjs.org/date-fns/-/date-fns-3.6.0.tgz 17615ms (cache miss)
2014 http fetch GET 200 https://registry.npmjs.org/next/-/next-15.5.6.tgz 20152ms (cache miss)
2015 info run sharp@0.34.4 install node_modules/sharp node install/check.js
2016 info run sharp@0.34.4 install { code: 0, signal: null }
2017 info run @tailwindcss/oxide@4.1.14 postinstall node_modules/@tailwindcss/oxide node ./scripts/install.js
2018 info run @tailwindcss/oxide@4.1.14 postinstall { code: 0, signal: null }
2019 silly ADD node_modules/yocto-queue
2020 silly ADD node_modules/yn
2021 silly ADD node_modules/yargs-parser
2022 silly ADD node_modules/yargs
2023 silly ADD node_modules/yallist
2024 silly ADD node_modules/y18n
2025 silly ADD node_modules/xmlchars
2026 silly ADD node_modules/xml-name-validator
2027 silly ADD node_modules/ws
2028 silly ADD node_modules/write-file-atomic
2029 silly ADD node_modules/wrappy
2030 silly ADD node_modules/wrap-ansi
2031 silly ADD node_modules/wordwrap
2032 silly ADD node_modules/which
2033 silly ADD node_modules/whatwg-url
2034 silly ADD node_modules/whatwg-url/node_modules/webidl-conversions
2035 silly ADD node_modules/whatwg-mimetype
2036 silly ADD node_modules/whatwg-encoding
2037 silly ADD node_modules/webidl-conversions
2038 silly ADD node_modules/walker
2039 silly ADD node_modules/w3c-xmlserializer
2040 silly ADD node_modules/victory-vendor
2041 silly ADD node_modules/v8-to-istanbul
2042 silly ADD node_modules/v8-compile-cache-lib
2043 silly ADD node_modules/use-sync-external-store
2044 silly ADD node_modules/use-sidecar
2045 silly ADD node_modules/use-callback-ref
2046 silly ADD node_modules/url-parse
2047 silly ADD node_modules/update-browserslist-db
2048 silly ADD node_modules/universalify
2049 silly ADD node_modules/undici-types
2050 silly ADD node_modules/uglify-js
2051 silly ADD node_modules/type-fest
2052 silly ADD node_modules/type-detect
2053 silly ADD node_modules/tslib
2054 silly ADD node_modules/tr46
2055 silly ADD node_modules/tough-cookie
2056 silly ADD node_modules/to-regex-range
2057 silly ADD node_modules/tmpl
2058 silly ADD node_modules/tiny-invariant
2059 silly ADD node_modules/test-exclude
2060 silly ADD node_modules/tar
2061 silly ADD node_modules/tapable
2062 silly ADD node_modules/symbol-tree
2063 silly ADD node_modules/swr
2064 silly ADD node_modules/supports-preserve-symlinks-flag
2065 silly ADD node_modules/supports-color
2066 silly ADD node_modules/styled-jsx
2067 silly ADD node_modules/strip-json-comments
2068 silly ADD node_modules/strip-indent
2069 silly ADD node_modules/strip-final-newline
2070 silly ADD node_modules/strip-bom
2071 silly ADD node_modules/strip-ansi
2072 silly ADD node_modules/string-width
2073 silly ADD node_modules/string-length
2074 silly ADD node_modules/stack-utils
2075 silly ADD node_modules/sprintf-js
2076 silly ADD node_modules/source-map-support
2077 silly ADD node_modules/source-map-js
2078 silly ADD node_modules/source-map
2079 silly ADD node_modules/slash
2080 silly ADD node_modules/sisteransi
2081 silly ADD node_modules/signal-exit
2082 silly ADD node_modules/shebang-regex
2083 silly ADD node_modules/shebang-command
2084 silly ADD node_modules/sharp
2085 silly ADD node_modules/server-only
2086 silly ADD node_modules/semver
2087 silly ADD node_modules/scheduler
2088 silly ADD node_modules/saxes
2089 silly ADD node_modules/safer-buffer
2090 silly ADD node_modules/resolve.exports
2091 silly ADD node_modules/resolve-from
2092 silly ADD node_modules/resolve-cwd
2093 silly ADD node_modules/resolve
2094 silly ADD node_modules/requires-port
2095 silly ADD node_modules/require-directory
2096 silly ADD node_modules/redent
2097 silly ADD node_modules/recharts-scale
2098 silly ADD node_modules/react-transition-group
2099 silly ADD node_modules/react-style-singleton
2100 silly ADD node_modules/react-smooth
2101 silly ADD node_modules/react-remove-scroll-bar
2102 silly ADD node_modules/react-remove-scroll
2103 silly ADD node_modules/react-is
2104 silly ADD node_modules/querystringify
2105 silly ADD node_modules/pure-rand
2106 silly ADD node_modules/punycode
2107 silly ADD node_modules/psl
2108 silly ADD node_modules/prop-types
2109 silly ADD node_modules/prop-types/node_modules/react-is
2110 silly ADD node_modules/prompts
2111 silly ADD node_modules/pretty-format
2112 silly ADD node_modules/pretty-format/node_modules/react-is
2113 silly ADD node_modules/pretty-format/node_modules/ansi-styles
2114 silly ADD node_modules/postcss-value-parser
2115 silly ADD node_modules/pkg-dir
2116 silly ADD node_modules/pirates
2117 silly ADD node_modules/picomatch
2118 silly ADD node_modules/picocolors
2119 silly ADD node_modules/path-parse
2120 silly ADD node_modules/path-key
2121 silly ADD node_modules/path-is-absolute
2122 silly ADD node_modules/path-exists
2123 silly ADD node_modules/parse5
2124 silly ADD node_modules/parse-json
2125 silly ADD node_modules/p-try
2126 silly ADD node_modules/p-locate
2127 silly ADD node_modules/p-locate/node_modules/p-limit
2128 silly ADD node_modules/p-limit
2129 silly ADD node_modules/onetime
2130 silly ADD node_modules/once
2131 silly ADD node_modules/object-assign
2132 silly ADD node_modules/nwsapi
2133 silly ADD node_modules/npm-run-path
2134 silly ADD node_modules/normalize-range
2135 silly ADD node_modules/normalize-path
2136 silly ADD node_modules/node-releases
2137 silly ADD node_modules/node-int64
2138 silly ADD node_modules/neo-async
2139 silly ADD node_modules/natural-compare
2140 silly ADD node_modules/nanoid
2141 silly ADD node_modules/ms
2142 silly ADD node_modules/motion-utils
2143 silly ADD node_modules/motion-dom
2144 silly ADD node_modules/minizlib
2145 silly ADD node_modules/minipass
2146 silly ADD node_modules/minimist
2147 silly ADD node_modules/minimatch
2148 silly ADD node_modules/min-indent
2149 silly ADD node_modules/mimic-fn
2150 silly ADD node_modules/mime-types
2151 silly ADD node_modules/mime-db
2152 silly ADD node_modules/micromatch
2153 silly ADD node_modules/merge-stream
2154 silly ADD node_modules/math-intrinsics
2155 silly ADD node_modules/makeerror
2156 silly ADD node_modules/make-error
2157 silly ADD node_modules/make-dir
2158 silly ADD node_modules/magic-string
2159 silly ADD node_modules/lz-string
2160 silly ADD node_modules/lru-cache
2161 silly ADD node_modules/lru-cache/node_modules/yallist
2162 silly ADD node_modules/loose-envify
2163 silly ADD node_modules/lodash.memoize
2164 silly ADD node_modules/lodash
2165 silly ADD node_modules/locate-path
2166 silly ADD node_modules/lines-and-columns
2167 silly ADD
2168 silly ADD
2169 silly ADD
2170 silly ADD
2171 silly ADD
2172 silly ADD
2173 silly ADD
2174 silly ADD
2175 silly ADD node_modules/lightningcss-darwin-x64
2176 silly ADD
2177 silly ADD node_modules/lightningcss
2178 silly ADD node_modules/leven
2179 silly ADD node_modules/kleur
2180 silly ADD node_modules/json5
2181 silly ADD node_modules/json-parse-even-better-errors
2182 silly ADD node_modules/jsesc
2183 silly ADD node_modules/jsdom
2184 silly ADD node_modules/jsdom/node_modules/whatwg-url
2185 silly ADD node_modules/jsdom/node_modules/tr46
2186 silly ADD node_modules/js-yaml
2187 silly ADD node_modules/js-tokens
2188 silly ADD node_modules/jiti
2189 silly ADD node_modules/jest-worker
2190 silly ADD node_modules/jest-worker/node_modules/supports-color
2191 silly ADD node_modules/jest-watcher
2192 silly ADD node_modules/jest-validate
2193 silly ADD node_modules/jest-validate/node_modules/pretty-format
2194 silly ADD node_modules/jest-validate/node_modules/camelcase
2195 silly ADD node_modules/jest-validate/node_modules/ansi-styles
2196 silly ADD node_modules/jest-util
2197 silly ADD node_modules/jest-snapshot
2198 silly ADD node_modules/jest-snapshot/node_modules/pretty-format
2199 silly ADD node_modules/jest-snapshot/node_modules/ansi-styles
2200 silly ADD node_modules/jest-runtime
2201 silly ADD node_modules/jest-runner
2202 silly ADD node_modules/jest-resolve-dependencies
2203 silly ADD node_modules/jest-resolve
2204 silly ADD node_modules/jest-regex-util
2205 silly ADD node_modules/jest-pnp-resolver
2206 silly ADD node_modules/jest-mock
2207 silly ADD node_modules/jest-message-util
2208 silly ADD node_modules/jest-message-util/node_modules/pretty-format
2209 silly ADD node_modules/jest-message-util/node_modules/ansi-styles
2210 silly ADD node_modules/jest-matcher-utils
2211 silly ADD node_modules/jest-matcher-utils/node_modules/pretty-format
2212 silly ADD node_modules/jest-matcher-utils/node_modules/ansi-styles
2213 silly ADD node_modules/jest-leak-detector
2214 silly ADD node_modules/jest-leak-detector/node_modules/pretty-format
2215 silly ADD node_modules/jest-leak-detector/node_modules/ansi-styles
2216 silly ADD node_modules/jest-haste-map
2217 silly ADD node_modules/jest-get-type
2218 silly ADD node_modules/jest-environment-node
2219 silly ADD node_modules/jest-each
2220 silly ADD node_modules/jest-each/node_modules/pretty-format
2221 silly ADD node_modules/jest-each/node_modules/ansi-styles
2222 silly ADD node_modules/jest-docblock
2223 silly ADD node_modules/jest-diff
2224 silly ADD node_modules/jest-diff/node_modules/pretty-format
2225 silly ADD node_modules/jest-diff/node_modules/ansi-styles
2226 silly ADD node_modules/jest-cli
2227 silly ADD node_modules/jest-cli/node_modules/pretty-format
2228 silly ADD node_modules/jest-cli/node_modules/jest-config
2229 silly ADD node_modules/jest-cli/node_modules/ansi-styles
2230 silly ADD node_modules/jest-circus
2231 silly ADD node_modules/jest-circus/node_modules/pretty-format
2232 silly ADD node_modules/jest-circus/node_modules/ansi-styles
2233 silly ADD node_modules/jest-changed-files
2234 silly ADD node_modules/istanbul-reports
2235 silly ADD node_modules/istanbul-lib-source-maps
2236 silly ADD node_modules/istanbul-lib-report
2237 silly ADD node_modules/istanbul-lib-instrument
2238 silly ADD node_modules/istanbul-lib-coverage
2239 silly ADD node_modules/isexe
2240 silly ADD node_modules/is-stream
2241 silly ADD node_modules/is-potential-custom-element-name
2242 silly ADD node_modules/is-number
2243 silly ADD node_modules/is-generator-fn
2244 silly ADD node_modules/is-fullwidth-code-point
2245 silly ADD node_modules/is-core-module
2246 silly ADD node_modules/internmap
2247 silly ADD node_modules/inherits
2248 silly ADD node_modules/inflight
2249 silly ADD node_modules/indent-string
2250 silly ADD node_modules/imurmurhash
2251 silly ADD node_modules/import-local
2252 silly ADD node_modules/iconv-lite
2253 silly ADD node_modules/human-signals
2254 silly ADD node_modules/https-proxy-agent
2255 silly ADD node_modules/http-proxy-agent
2256 silly ADD node_modules/html-escaper
2257 silly ADD node_modules/html-encoding-sniffer
2258 silly ADD node_modules/hasown
2259 silly ADD node_modules/has-tostringtag
2260 silly ADD node_modules/has-symbols
2261 silly ADD node_modules/has-flag
2262 silly ADD node_modules/handlebars
2263 silly ADD node_modules/graceful-fs
2264 silly ADD node_modules/gopd
2265 silly ADD node_modules/glob
2266 silly ADD node_modules/get-stream
2267 silly ADD node_modules/get-proto
2268 silly ADD node_modules/get-package-type
2269 silly ADD node_modules/get-nonce
2270 silly ADD node_modules/get-intrinsic
2271 silly ADD node_modules/get-caller-file
2272 silly ADD node_modules/gensync
2273 silly ADD node_modules/function-bind
2274 silly ADD node_modules/fsevents
2275 silly ADD node_modules/fs.realpath
2276 silly ADD node_modules/fraction.js
2277 silly ADD node_modules/form-data
2278 silly ADD node_modules/find-up
2279 silly ADD node_modules/fill-range
2280 silly ADD node_modules/fb-watchman
2281 silly ADD node_modules/fast-json-stable-stringify
2282 silly ADD node_modules/fast-equals
2283 silly ADD node_modules/expect
2284 silly ADD node_modules/exit
2285 silly ADD node_modules/execa
2286 silly ADD node_modules/eventemitter3
2287 silly ADD node_modules/esutils
2288 silly ADD node_modules/estraverse
2289 silly ADD node_modules/esprima
2290 silly ADD node_modules/escodegen
2291 silly ADD node_modules/escape-string-regexp
2292 silly ADD node_modules/escalade
2293 silly ADD node_modules/es-set-tostringtag
2294 silly ADD node_modules/es-object-atoms
2295 silly ADD node_modules/es-errors
2296 silly ADD node_modules/es-define-property
2297 silly ADD node_modules/error-ex
2298 silly ADD node_modules/error-ex/node_modules/is-arrayish
2299 silly ADD node_modules/entities
2300 silly ADD node_modules/enhanced-resolve
2301 silly ADD node_modules/emoji-regex
2302 silly ADD node_modules/emittery
2303 silly ADD node_modules/embla-carousel-reactive-utils
2304 silly ADD node_modules/embla-carousel
2305 silly ADD node_modules/electron-to-chromium
2306 silly ADD node_modules/dunder-proto
2307 silly ADD node_modules/domexception
2308 silly ADD node_modules/dom-helpers
2309 silly ADD node_modules/dom-accessibility-api
2310 silly ADD node_modules/diff-sequences
2311 silly ADD node_modules/diff
2312 silly ADD node_modules/detect-node-es
2313 silly ADD node_modules/detect-newline
2314 silly ADD node_modules/detect-libc
2315 silly ADD node_modules/dequal
2316 silly ADD node_modules/delayed-stream
2317 silly ADD node_modules/deepmerge
2318 silly ADD node_modules/dedent
2319 silly ADD node_modules/decimal.js-light
2320 silly ADD node_modules/decimal.js
2321 silly ADD node_modules/debug
2322 silly ADD node_modules/date-fns-jalali
2323 silly ADD node_modules/data-urls
2324 silly ADD node_modules/data-urls/node_modules/whatwg-url
2325 silly ADD node_modules/data-urls/node_modules/tr46
2326 silly ADD node_modules/d3-timer
2327 silly ADD node_modules/d3-time-format
2328 silly ADD node_modules/d3-time
2329 silly ADD node_modules/d3-shape
2330 silly ADD node_modules/d3-scale
2331 silly ADD node_modules/d3-path
2332 silly ADD node_modules/d3-interpolate
2333 silly ADD node_modules/d3-format
2334 silly ADD node_modules/d3-ease
2335 silly ADD node_modules/d3-color
2336 silly ADD node_modules/d3-array
2337 silly ADD node_modules/csstype
2338 silly ADD node_modules/cssstyle
2339 silly ADD node_modules/cssstyle/node_modules/cssom
2340 silly ADD node_modules/cssom
2341 silly ADD node_modules/css.escape
2342 silly ADD node_modules/cross-spawn
2343 silly ADD node_modules/create-require
2344 silly ADD node_modules/create-jest
2345 silly ADD node_modules/create-jest/node_modules/pretty-format
2346 silly ADD node_modules/create-jest/node_modules/jest-config
2347 silly ADD node_modules/create-jest/node_modules/ansi-styles
2348 silly ADD node_modules/convert-source-map
2349 silly ADD node_modules/concat-map
2350 silly ADD node_modules/combined-stream
2351 silly ADD node_modules/color-name
2352 silly ADD node_modules/color-convert
2353 silly ADD node_modules/collect-v8-coverage
2354 silly ADD node_modules/co
2355 silly ADD node_modules/cliui
2356 silly ADD node_modules/client-only
2357 silly ADD node_modules/cjs-module-lexer
2358 silly ADD node_modules/ci-info
2359 silly ADD node_modules/chownr
2360 silly ADD node_modules/char-regex
2361 silly ADD node_modules/chalk
2362 silly ADD node_modules/caniuse-lite
2363 silly ADD node_modules/camelcase
2364 silly ADD node_modules/callsites
2365 silly ADD node_modules/call-bind-apply-helpers
2366 silly ADD node_modules/buffer-from
2367 silly ADD node_modules/bser
2368 silly ADD node_modules/bs-logger
2369 silly ADD node_modules/browserslist
2370 silly ADD node_modules/braces
2371 silly ADD node_modules/brace-expansion
2372 silly ADD node_modules/baseline-browser-mapping
2373 silly ADD node_modules/balanced-match
2374 silly ADD node_modules/babel-preset-jest
2375 silly ADD node_modules/babel-preset-current-node-syntax
2376 silly ADD node_modules/babel-plugin-jest-hoist
2377 silly ADD node_modules/babel-plugin-istanbul
2378 silly ADD node_modules/babel-plugin-istanbul/node_modules/semver
2379 silly ADD node_modules/babel-plugin-istanbul/node_modules/istanbul-lib-instrument
2380 silly ADD node_modules/babel-jest
2381 silly ADD node_modules/asynckit
2382 silly ADD node_modules/aria-query
2383 silly ADD node_modules/aria-hidden
2384 silly ADD node_modules/argparse
2385 silly ADD node_modules/arg
2386 silly ADD node_modules/anymatch
2387 silly ADD node_modules/ansi-styles
2388 silly ADD node_modules/ansi-regex
2389 silly ADD node_modules/ansi-escapes
2390 silly ADD node_modules/agent-base
2391 silly ADD node_modules/acorn-walk
2392 silly ADD node_modules/acorn-globals
2393 silly ADD node_modules/acorn
2394 silly ADD node_modules/abab
2395 silly ADD node_modules/@types/yargs-parser
2396 silly ADD node_modules/@types/yargs
2397 silly ADD node_modules/@types/ws
2398 silly ADD node_modules/@types/tough-cookie
2399 silly ADD node_modules/@types/stack-utils
2400 silly ADD node_modules/@types/phoenix
2401 silly ADD node_modules/@types/jsdom
2402 silly ADD node_modules/@types/istanbul-reports
2403 silly ADD node_modules/@types/istanbul-lib-report
2404 silly ADD node_modules/@types/istanbul-lib-coverage
2405 silly ADD node_modules/@types/graceful-fs
2406 silly ADD node_modules/@types/d3-timer
2407 silly ADD node_modules/@types/d3-time
2408 silly ADD node_modules/@types/d3-shape
2409 silly ADD node_modules/@types/d3-scale
2410 silly ADD node_modules/@types/d3-path
2411 silly ADD node_modules/@types/d3-interpolate
2412 silly ADD node_modules/@types/d3-ease
2413 silly ADD node_modules/@types/d3-color
2414 silly ADD node_modules/@types/d3-array
2415 silly ADD node_modules/@types/babel__traverse
2416 silly ADD node_modules/@types/babel__template
2417 silly ADD node_modules/@types/babel__generator
2418 silly ADD node_modules/@types/babel__core
2419 silly ADD node_modules/@types/aria-query
2420 silly ADD node_modules/@tsconfig/node16
2421 silly ADD node_modules/@tsconfig/node14
2422 silly ADD node_modules/@tsconfig/node12
2423 silly ADD node_modules/@tsconfig/node10
2424 silly ADD node_modules/@tootallnate/once
2425 silly ADD node_modules/@testing-library/dom
2426 silly ADD
2427 silly ADD
2428 silly ADD
2429 silly ADD
2430 silly ADD
2431 silly ADD
2432 silly ADD
2433 silly ADD
2434 silly ADD
2435 silly ADD node_modules/@tailwindcss/oxide-darwin-x64
2436 silly ADD
2437 silly ADD
2438 silly ADD node_modules/@tailwindcss/oxide
2439 silly ADD node_modules/@tailwindcss/node
2440 silly ADD node_modules/@swc/helpers
2441 silly ADD node_modules/@supabase/storage-js
2442 silly ADD node_modules/@supabase/realtime-js
2443 silly ADD node_modules/@supabase/postgrest-js
2444 silly ADD node_modules/@supabase/node-fetch
2445 silly ADD node_modules/@supabase/functions-js
2446 silly ADD node_modules/@supabase/auth-js
2447 silly ADD node_modules/@sinonjs/fake-timers
2448 silly ADD node_modules/@sinonjs/commons
2449 silly ADD node_modules/@sinclair/typebox
2450 silly ADD node_modules/@radix-ui/rect
2451 silly ADD node_modules/@radix-ui/react-visually-hidden
2452 silly ADD node_modules/@radix-ui/react-use-size
2453 silly ADD node_modules/@radix-ui/react-use-rect
2454 silly ADD node_modules/@radix-ui/react-use-previous
2455 silly ADD node_modules/@radix-ui/react-use-layout-effect
2456 silly ADD node_modules/@radix-ui/react-use-escape-keydown
2457 silly ADD node_modules/@radix-ui/react-use-controllable-state
2458 silly ADD node_modules/@radix-ui/react-use-callback-ref
2459 silly ADD node_modules/@radix-ui/react-roving-focus
2460 silly ADD node_modules/@radix-ui/react-primitive
2461 silly ADD node_modules/@radix-ui/react-presence
2462 silly ADD node_modules/@radix-ui/react-portal
2463 silly ADD node_modules/@radix-ui/react-popper
2464 silly ADD node_modules/@radix-ui/react-menu
2465 silly ADD node_modules/@radix-ui/react-id
2466 silly ADD node_modules/@radix-ui/react-focus-scope
2467 silly ADD node_modules/@radix-ui/react-focus-guards
2468 silly ADD node_modules/@radix-ui/react-dismissable-layer
2469 silly ADD node_modules/@radix-ui/react-direction
2470 silly ADD node_modules/@radix-ui/react-context
2471 silly ADD node_modules/@radix-ui/react-compose-refs
2472 silly ADD node_modules/@radix-ui/react-collection
2473 silly ADD node_modules/@radix-ui/react-arrow
2474 silly ADD node_modules/@radix-ui/primitive
2475 silly ADD node_modules/@radix-ui/number
2476 silly ADD
2477 silly ADD
2478 silly ADD
2479 silly ADD
2480 silly ADD
2481 silly ADD
2482 silly ADD node_modules/@next/swc-darwin-x64
2483 silly ADD
2484 silly ADD node_modules/@next/env
2485 silly ADD node_modules/@jridgewell/trace-mapping
2486 silly ADD node_modules/@jridgewell/sourcemap-codec
2487 silly ADD node_modules/@jridgewell/resolve-uri
2488 silly ADD node_modules/@jridgewell/remapping
2489 silly ADD node_modules/@jridgewell/gen-mapping
2490 silly ADD node_modules/@jest/types
2491 silly ADD node_modules/@jest/transform
2492 silly ADD node_modules/@jest/test-sequencer
2493 silly ADD node_modules/@jest/test-result
2494 silly ADD node_modules/@jest/source-map
2495 silly ADD node_modules/@jest/schemas
2496 silly ADD node_modules/@jest/reporters
2497 silly ADD node_modules/@jest/globals
2498 silly ADD node_modules/@jest/fake-timers
2499 silly ADD node_modules/@jest/expect-utils
2500 silly ADD node_modules/@jest/expect
2501 silly ADD node_modules/@jest/environment
2502 silly ADD node_modules/@jest/core
2503 silly ADD node_modules/@jest/core/node_modules/pretty-format
2504 silly ADD node_modules/@jest/core/node_modules/jest-config
2505 silly ADD node_modules/@jest/core/node_modules/ansi-styles
2506 silly ADD node_modules/@jest/console
2507 silly ADD node_modules/@istanbuljs/schema
2508 silly ADD node_modules/@istanbuljs/load-nyc-config
2509 silly ADD node_modules/@isaacs/fs-minipass
2510 silly ADD
2511 silly ADD
2512 silly ADD
2513 silly ADD
2514 silly ADD
2515 silly ADD
2516 silly ADD
2517 silly ADD
2518 silly ADD
2519 silly ADD
2520 silly ADD
2521 silly ADD
2522 silly ADD
2523 silly ADD
2524 silly ADD
2525 silly ADD
2526 silly ADD
2527 silly ADD
2528 silly ADD node_modules/@img/sharp-libvips-darwin-x64
2529 silly ADD
2530 silly ADD node_modules/@img/sharp-darwin-x64
2531 silly ADD
2532 silly ADD node_modules/@img/colour
2533 silly ADD node_modules/@floating-ui/utils
2534 silly ADD node_modules/@floating-ui/react-dom
2535 silly ADD node_modules/@floating-ui/dom
2536 silly ADD node_modules/@floating-ui/core
2537 silly ADD node_modules/@emnapi/runtime
2538 silly ADD node_modules/@date-fns/tz
2539 silly ADD node_modules/@cspotcode/source-map-support
2540 silly ADD node_modules/@cspotcode/source-map-support/node_modules/@jridgewell/trace-mapping
2541 silly ADD node_modules/@bcoe/v8-coverage
2542 silly ADD node_modules/@babel/types
2543 silly ADD node_modules/@babel/traverse
2544 silly ADD node_modules/@babel/template
2545 silly ADD node_modules/@babel/runtime
2546 silly ADD node_modules/@babel/plugin-syntax-typescript
2547 silly ADD node_modules/@babel/plugin-syntax-top-level-await
2548 silly ADD node_modules/@babel/plugin-syntax-private-property-in-object
2549 silly ADD node_modules/@babel/plugin-syntax-optional-chaining
2550 silly ADD node_modules/@babel/plugin-syntax-optional-catch-binding
2551 silly ADD node_modules/@babel/plugin-syntax-object-rest-spread
2552 silly ADD node_modules/@babel/plugin-syntax-numeric-separator
2553 silly ADD node_modules/@babel/plugin-syntax-nullish-coalescing-operator
2554 silly ADD node_modules/@babel/plugin-syntax-logical-assignment-operators
2555 silly ADD node_modules/@babel/plugin-syntax-jsx
2556 silly ADD node_modules/@babel/plugin-syntax-json-strings
2557 silly ADD node_modules/@babel/plugin-syntax-import-meta
2558 silly ADD node_modules/@babel/plugin-syntax-import-attributes
2559 silly ADD node_modules/@babel/plugin-syntax-class-static-block
2560 silly ADD node_modules/@babel/plugin-syntax-class-properties
2561 silly ADD node_modules/@babel/plugin-syntax-bigint
2562 silly ADD node_modules/@babel/plugin-syntax-async-generators
2563 silly ADD node_modules/@babel/parser
2564 silly ADD node_modules/@babel/helpers
2565 silly ADD node_modules/@babel/helper-validator-option
2566 silly ADD node_modules/@babel/helper-validator-identifier
2567 silly ADD node_modules/@babel/helper-string-parser
2568 silly ADD node_modules/@babel/helper-plugin-utils
2569 silly ADD node_modules/@babel/helper-module-transforms
2570 silly ADD node_modules/@babel/helper-module-imports
2571 silly ADD node_modules/@babel/helper-globals
2572 silly ADD node_modules/@babel/helper-compilation-targets
2573 silly ADD node_modules/@babel/helper-compilation-targets/node_modules/semver
2574 silly ADD node_modules/@babel/generator
2575 silly ADD node_modules/@babel/core
2576 silly ADD node_modules/@babel/core/node_modules/semver
2577 silly ADD node_modules/@babel/compat-data
2578 silly ADD node_modules/@babel/code-frame
2579 silly ADD node_modules/@alloc/quick-lru
2580 silly ADD node_modules/@adobe/css-tools
2581 silly CHANGE node_modules/@types/react-dom
2582 silly CHANGE node_modules/@types/react
2583 silly CHANGE node_modules/@types/jest
2584 silly ADD node_modules/@types/jest/node_modules/pretty-format
2585 silly ADD node_modules/@types/jest/node_modules/ansi-styles
2586 silly CHANGE node_modules/@vercel/analytics
2587 silly CHANGE node_modules/@testing-library/react
2588 silly CHANGE node_modules/@testing-library/user-event
2589 silly CHANGE node_modules/@radix-ui/react-hover-card
2590 silly CHANGE node_modules/@testing-library/jest-dom
2591 silly ADD node_modules/@testing-library/jest-dom/node_modules/dom-accessibility-api
2592 silly CHANGE node_modules/@types/node
2593 silly CHANGE node_modules/@radix-ui/react-toggle-group
2594 silly CHANGE node_modules/@supabase/supabase-js
2595 silly CHANGE node_modules/@radix-ui/react-tabs
2596 silly CHANGE node_modules/@radix-ui/react-toggle
2597 silly CHANGE node_modules/@tailwindcss/postcss
2598 silly CHANGE node_modules/@radix-ui/react-tooltip
2599 silly CHANGE node_modules/@radix-ui/react-toast
2600 silly CHANGE node_modules/@radix-ui/react-switch
2601 silly CHANGE node_modules/@radix-ui/react-progress
2602 silly CHANGE node_modules/@radix-ui/react-slider
2603 silly CHANGE node_modules/@radix-ui/react-separator
2604 silly CHANGE node_modules/@radix-ui/react-slot
2605 silly CHANGE node_modules/@radix-ui/react-navigation-menu
2606 silly CHANGE node_modules/@radix-ui/react-scroll-area
2607 silly CHANGE node_modules/@radix-ui/react-select
2608 silly CHANGE node_modules/@radix-ui/react-radio-group
2609 silly CHANGE node_modules/@radix-ui/react-popover
2610 silly CHANGE node_modules/@radix-ui/react-menubar
2611 silly CHANGE node_modules/@radix-ui/react-dropdown-menu
2612 silly CHANGE node_modules/@radix-ui/react-context-menu
2613 silly CHANGE node_modules/@radix-ui/react-accordion
2614 silly CHANGE node_modules/@radix-ui/react-collapsible
2615 silly CHANGE node_modules/@radix-ui/react-label
2616 silly CHANGE node_modules/@radix-ui/react-dialog
2617 silly CHANGE node_modules/@radix-ui/react-aspect-ratio
2618 silly CHANGE node_modules/@hookform/resolvers
2619 silly CHANGE node_modules/@radix-ui/react-checkbox
2620 silly CHANGE node_modules/ts-jest
2621 silly ADD node_modules/ts-jest/node_modules/type-fest
2622 silly CHANGE node_modules/@radix-ui/react-avatar
2623 silly CHANGE node_modules/ts-node
2624 silly CHANGE node_modules/@radix-ui/react-alert-dialog
2625 silly CHANGE node_modules/vaul
2626 silly CHANGE node_modules/tailwindcss-animate
2627 silly CHANGE node_modules/zod
2628 silly CHANGE node_modules/tw-animate-css
2629 silly CHANGE node_modules/cmdk
2630 silly CHANGE node_modules/typescript
2631 silly CHANGE node_modules/react-hook-form
2632 silly CHANGE node_modules/sonner
2633 silly CHANGE node_modules/react-day-picker
2634 silly ADD node_modules/react-day-picker/node_modules/date-fns
2635 silly CHANGE node_modules/recharts
2636 silly CHANGE node_modules/tailwindcss
2637 silly CHANGE node_modules/tailwind-merge
2638 silly CHANGE node_modules/date-fns
2639 silly CHANGE node_modules/react-resizable-panels
2640 silly CHANGE node_modules/react-dom
2641 silly CHANGE node_modules/jest-environment-jsdom
2642 silly CHANGE node_modules/react
2643 silly CHANGE node_modules/next-themes
2644 silly CHANGE node_modules/postcss
2645 silly CHANGE node_modules/jest
2646 silly CHANGE node_modules/lucide-react
2647 silly CHANGE node_modules/framer-motion
2648 silly CHANGE node_modules/autoprefixer
2649 silly CHANGE node_modules/next
2650 silly ADD node_modules/next/node_modules/postcss
2651 silly CHANGE node_modules/input-otp
2652 silly CHANGE node_modules/embla-carousel-react
2653 silly CHANGE node_modules/clsx
2654 silly CHANGE node_modules/class-variance-authority
2655 verbose cwd /Users/xspark3/ASM & HRMS/XSpark_HRMS
2656 verbose os Darwin 23.6.0
2657 verbose node v23.9.0
2658 verbose npm  v10.9.2
2659 verbose exit 0
2660 info ok
